CODIGO,INDEX,PROVINCIA,CANTON,DISTRITO,FUERA_TRABAJO,DENSIDAD,POB_URBANA,CARENCIA,POB_014,HOG_MUJER,HOG_HOMBRE,HOGARES_MONO,OCUPANTES,ESCOLA,ACUEDUCTO,logDENSIDAD,IDS,IDSC
1011,SAN JOSESAN JOSEEL CARMEN,SAN JOSE,SAN JOSE,EL CARMEN,2.702702703,1813.422819,100,6.158088235,10.0296077,39.0625,22.24264706,61.30514706,2.441176471,11.98050542,99.61612284,7.502971399,85.5,4
1012,SAN JOSESAN JOSEMERCED,SAN JOSE,SAN JOSE,MERCED,3.793706294,5352.401747,100,24.76747276,21.22868565,30.56072283,12.91522721,43.47595004,3.224820622,9.444810863,99.42763696,8.585300664,72.5,3
1013,SAN JOSESAN JOSEHOSPITAL,SAN JOSE,SAN JOSE,HOSPITAL,4.425921578,5701.183432,100,24.79170524,21.66061235,30.309202,12.81244214,43.12164414,3.462506943,8.848862336,99.74874372,8.648429052,68.6,3
1014,SAN JOSESAN JOSECATEDRAL,SAN JOSE,SAN JOSE,CATEDRAL,3.360151443,5600,100,15.03224372,16.96042053,35.00111185,17.54503002,52.54614187,2.852123638,10.47748218,99.81776765,8.630521877,75.5,3
1015,SAN JOSESAN JOSEZAPOTE,SAN JOSE,SAN JOSE,ZAPOTE,2.9231658,6554.035088,100,10.33044059,16.77820012,34.64619493,11.5987984,46.24499332,3.105640854,11.1955208,99.96617622,8.787836183,83.4,4
1016,SAN JOSESAN JOSESAN FRANCISCO DE DOS RIOS,SAN JOSE,SAN JOSE,SAN FRANCISCO DE DOS RIOS,2.339723768,7540.671642,100,8.996702779,16.39863427,30.56994819,10.50400377,41.07395195,3.16611713,11.83815029,99.9522369,8.928066534,85.5,4
1017,SAN JOSESAN JOSEURUCA,SAN JOSE,SAN JOSE,URUCA,4.034302759,3799.760479,100,38.83058471,28.40078164,24.12639834,8.545727136,32.67212548,3.654480452,8.574521232,99.49934438,8.242693312,64.4,3
1018,SAN JOSESAN JOSEMATA REDONDA,SAN JOSE,SAN JOSE,MATA REDONDA,3.426628302,2258.967391,100,9.308600337,14.8682786,32.84991568,16.02023609,48.87015177,2.796964587,12.21102997,99.79260283,7.722663081,92.2,4
1019,SAN JOSESAN JOSEPAVAS,SAN JOSE,SAN JOSE,PAVAS,4.234527687,7642.826552,100,22.64199435,23.63835033,27.69468003,7.56617836,35.26085839,3.65309689,9.188492607,99.59073031,8.941522781,72.1,3
1021,SAN JOSEESCAZUESCAZU,SAN JOSE,ESCAZU,ESCAZU,3.431721195,2736.073059,100,18.25574874,20.06008011,29.08020191,9.899046551,38.97924846,3.341839596,10.21369968,98.29883754,7.914278981,90.5,4
1022,SAN JOSEESCAZUSAN ANTONIO,SAN JOSE,ESCAZU,SAN ANTONIO,3.011197892,1327.486757,98.17770684,21.21546961,22.21335462,23.07813733,8.524072612,31.60220994,3.551539069,9.06231519,97.38890691,7.191042777,77.6,4
1023,SAN JOSEESCAZUSAN RAFAEL,SAN JOSE,ESCAZU,SAN RAFAEL,2.859753312,1674.618902,100,9.455174402,19.56215011,22.44162583,9.75785529,32.19948112,3.162294609,12.21653421,99.37427241,7.423340897,99.5,4
1031,SAN JOSEDESAMPARADOSDESAMPARADOS,SAN JOSE,DESAMPARADOS,DESAMPARADOS,4.820634821,11176.89769,100,14.94799406,20.41870903,31.15403665,9.886082219,41.04011887,3.344725111,9.971002428,99.84960898,9.321604221,74,3
1032,SAN JOSEDESAMPARADOSSAN MIGUEL,SAN JOSE,DESAMPARADOS,SAN MIGUEL,3.883071553,1503.782506,94.97563276,18.51088202,24.3169313,25.10882016,7.663230241,32.7720504,3.639404353,8.680648236,97.82379782,7.315738884,64.9,3
1033,SAN JOSEDESAMPARADOSSAN JUAN DE DIOS,SAN JOSE,DESAMPARADOS,SAN JUAN DE DIOS,3.574042449,6537.248322,100,22.60261018,25.7635645,25.40192926,7.546812937,32.9487422,3.684509173,8.212888077,99.03920061,8.78527161,62.7,3
1034,SAN JOSEDESAMPARADOSSAN RAFAEL ARRIBA,SAN JOSE,DESAMPARADOS,SAN RAFAEL ARRIBA,3.796324194,4907.395498,100,17.21174505,22.47411873,23.96753402,8.737168775,32.70470279,3.480783003,9.083707257,99.3207181,8.498498632,73.1,3
1035,SAN JOSEDESAMPARADOSSAN ANTONIO,SAN JOSE,DESAMPARADOS,SAN ANTONIO,2.876771146,4654.066986,100,9.693372898,18.49491107,27.06890867,11.07814045,38.14704913,3.202769535,10.87855114,99.93324433,8.445496737,82.2,4
1036,SAN JOSEDESAMPARADOSFRAILES,SAN JOSE,DESAMPARADOS,FRAILES,4.158004158,193.6344969,13.04347826,32.83160865,24.60233298,16.9332079,10.06585136,26.99905927,3.531514581,7.372025955,86.63461538,5.265972345,63.9,3
1037,SAN JOSEDESAMPARADOSPATARRA,SAN JOSE,DESAMPARADOS,PATARRA,3.792822186,750.6926952,86.82996393,24.65202598,26.03808405,21.15682029,7.361583668,28.51840396,3.665944943,8.231643357,96.64366374,6.620996374,66.9,3
1038,SAN JOSEDESAMPARADOSSAN CRISTOBAL,SAN JOSE,DESAMPARADOS,SAN CRISTOBAL,2.309782609,154.7147385,0,33.42749529,27.29833547,16.19585687,6.026365348,22.22222222,3.677024482,7.303657695,82.92919496,5.041583025,64.4,3
1039,SAN JOSEDESAMPARADOSROSARIO,SAN JOSE,DESAMPARADOS,ROSARIO,1.996805112,210.3542234,0,31.99554069,26.13341969,19.28651059,10.36789298,29.65440357,3.441471572,7.186026201,86.99095023,5.348792888,58.6,2
1041,SAN JOSEPURISCALSANTIAGO,SAN JOSE,PURISCAL,SANTIAGO,2.715298886,332.9091961,65.41000695,16.26904283,20.7609451,28.37022133,9.11181374,37.48203507,3.288013797,9.634692584,98.02440442,5.807869768,70.1,3
1042,SAN JOSEPURISCALMERCEDES SUR,SAN JOSE,PURISCAL,MERCEDES SUR,2.702702703,30.73295961,0,31.23957754,22.22979884,21.45636465,10.89494163,32.35130628,3.259032796,8.024713151,85.34385569,3.425335682,57.5,2
1043,SAN JOSEPURISCALBARBACOAS,SAN JOSE,PURISCAL,BARBACOAS,3.140613847,193.3996857,5.525460455,23.47988775,23.13109426,20.95416277,7.296538821,28.25070159,3.453695042,8.073793103,90.86629002,5.264758958,63.9,3
1044,SAN JOSEPURISCALGRIFO ALTO,SAN JOSE,PURISCAL,GRIFO ALTO,3.163017032,45.77846631,0,32.9512894,21.99661591,18.33810888,9.742120344,28.08022923,3.386819484,7.55907173,79.25072046,3.823813813,53.2,2
1045,SAN JOSEPURISCALSAN RAFAEL,SAN JOSE,PURISCAL,SAN RAFAEL,2.773497689,124.1032999,0,24.31941924,18.55491329,24.68239564,9.618874773,34.30127042,3.139745917,7.957805907,95.81818182,4.821114283,60.9,2
1046,SAN JOSEPURISCALCANDELARITA,SAN JOSE,PURISCAL,CANDELARITA,1.871101871,58.27922078,0,34.10852713,22.56267409,19.63824289,9.043927649,28.68217054,3.710594315,7.077922078,86.71875,4.065245611,58,2
1047,SAN JOSEPURISCALDESAMPARADITOS,SAN JOSE,PURISCAL,DESAMPARADITOS,1.123595506,100.3012048,0,20.89552239,18.61861862,18.4079602,5.472636816,23.88059701,3.313432836,9.476190476,95.45454545,4.608177707,50.2,2
1048,SAN JOSEPURISCALSAN ANTONIO,SAN JOSE,PURISCAL,SAN ANTONIO,4.158907511,229.7105729,0,22.94065545,23.425045,20.28343667,10.09743136,30.38086802,3.443755536,8.561790247,97.05619982,5.436820138,65.1,3
1049,SAN JOSEPURISCALCHIRES,SAN JOSE,PURISCAL,CHIRES,5.05952381,13.70562966,0,33.4412082,24.48036952,14.2394822,12.40560949,26.64509169,3.269687163,6.389405204,87.89878988,2.617806673,39.4,1
1051,SAN JOSETARRAZUSAN MARCOS,SAN JOSE,TARRAZU,SAN MARCOS,3.173354314,237.5326836,67.84749325,24.88858416,25.67797458,22.24888584,10.3531025,32.60198834,3.425094275,7.998688697,92.4600417,5.470305229,59.4,2
1052,SAN JOSETARRAZUSAN LORENZO,SAN JOSE,TARRAZU,SAN LORENZO,2.492211838,22.63548321,32.11197087,43.34415584,29.08511607,14.8538961,10.79545455,25.64935065,3.565746753,6.729372937,75.10407993,3.119518729,46.9,1
1053,SAN JOSETARRAZUSAN CARLOS,SAN JOSE,TARRAZU,SAN CARLOS,1.13085622,30.87587669,0,49.68944099,33.59746434,9.937888199,5.383022774,15.32091097,3.919254658,5.644480519,68.43220339,3.429975189,40.2,1
1061,SAN JOSEASERRIASERRI,SAN JOSE,ASERRI,ASERRI,3.428808634,1868.190855,94.20737115,20.28007002,24.47589656,25.78144536,7.601900475,33.38334584,3.517504376,8.804407959,97.96073464,7.532725784,65.1,3
1062,SAN JOSEASERRITARBACA,SAN JOSE,ASERRI,TARBACA,4.266211604,103.7302726,0,28.25,24.20470263,16.25,12,28.25,3.615,7.654064272,83.20610687,4.641793997,58.6,2
1063,SAN JOSEASERRIVUELTA DE JORCO,SAN JOSE,ASERRI,VUELTA DE JORCO,2.978376173,291.1738351,35.39006001,29.19746568,23.74211417,20.32734952,9.926082365,30.25343189,3.431362196,7.659457334,93.1126535,5.67392046,58.4,2
1064,SAN JOSEASERRISAN GABRIEL,SAN JOSE,ASERRI,SAN GABRIEL,2.262644188,514.953271,18.29731067,26.61996497,25.40834846,22.35843549,9.340338587,31.69877408,3.529480444,7.661572052,92.28504122,6.244076161,60.8,2
1065,SAN JOSEASERRILEGUA,SAN JOSE,ASERRI,LEGUA,2.708333333,18.64199044,0,43.44660194,30.11176857,14.5631068,8.009708738,22.57281553,3.691747573,6.315280464,73.18295739,2.925416587,42.6,1
1066,SAN JOSEASERRIMONTERREY,SAN JOSE,ASERRI,MONTERREY,2.941176471,61.48148148,37.95180723,37.58389262,27.30923695,24.83221477,10.06711409,34.89932886,3.342281879,6.25,95.8041958,4.118736015,48.9,2
1067,SAN JOSEASERRISALITRILLOS,SAN JOSE,ASERRI,SALITRILLOS,3.329791002,957.0328901,80.60836502,31.06821787,26.09681193,23.29455315,8.804865151,32.0994183,3.615547329,7.739996134,92.33664964,6.863837759,59.5,2
1071,SAN JOSEMORACOLON,SAN JOSE,MORA,COLON,3.211009174,278.2428226,70.00870214,16.25180004,21.4196917,22.34108208,9.257354454,31.59843654,3.306315573,10.02660854,96.44712238,5.628494195,77.3,4
1072,SAN JOSEMORAGUAYABO,SAN JOSE,MORA,GUAYABO,2.538631347,417.7464789,11.89031243,25.62111801,24.00539447,24.06832298,9.316770186,33.38509317,3.454192547,8.24113082,88.33727344,6.034874739,60.8,2
1073,SAN JOSEMORATABARCIA,SAN JOSE,MORA,TABARCIA,4.144775248,97.16942149,6.102487774,29.80561555,24.28237295,22.96616271,9.215262779,32.18142549,3.385169186,7.758923668,93.20175439,4.576456068,56.7,2
1074,SAN JOSEMORAPIEDRAS NEGRAS,SAN JOSE,MORA,PIEDRAS NEGRAS,3.47826087,21.18501956,0,50.86206897,24.01055409,14.65517241,10.34482759,25,3.267241379,6.905109489,64.34782609,3.053294307,52.1,2
1075,SAN JOSEMORAPICAGRES,SAN JOSE,MORA,PICAGRES,2.272727273,24.74340176,0,42.46575342,19.7037037,20.0913242,10.95890411,31.05022831,3.082191781,7.291187739,90.78341014,3.208558858,53.6,2
1081,SAN JOSEGOICOECHEAGUADALUPE,SAN JOSE,GOICOECHEA,GUADALUPE,3.175098897,8331.854839,100,10.7639408,15.46726032,34.08581253,13.09612797,47.1819405,3.050381223,10.61979494,99.90694789,9.02784138,79.1,4
1082,SAN JOSEGOICOECHEASAN FRANCISCO,SAN JOSE,GOICOECHEA,SAN FRANCISCO,4.413347686,4064,100,20.37037037,17.12598425,35.64814815,11.72839506,47.37654321,3.12345679,9.50375134,100,8.309922989,81.6,4
1083,SAN JOSEGOICOECHEACALLE BLANCOS,SAN JOSE,GOICOECHEA,CALLE BLANCOS,3.753026634,7943.096234,100,17.34350062,19.03708386,30.28905834,10.53378259,40.82284093,3.349530059,10.41641593,100,8.980058432,77,4
1084,SAN JOSEGOICOECHEAMATA DE PLATANO,SAN JOSE,GOICOECHEA,MATA DE PLATANO,2.807724203,2212.738854,99.29763961,11.80948663,20.50662061,25.72711302,8.08120242,33.80831544,3.390201054,10.6254272,99.44488501,7.701986328,81,4
1085,SAN JOSEGOICOECHEAIPIS,SAN JOSE,GOICOECHEA,IPIS,3.491872366,9398.194946,100,14.22719825,22.20258902,28.76843255,8.042053523,36.81048607,3.549016931,9.153375938,99.84615385,9.148272923,72.9,3
1086,SAN JOSEGOICOECHEARANCHO REDONDO,SAN JOSE,GOICOECHEA,RANCHO REDONDO,4.910292729,202.715655,38.41607565,31.02409639,25.01970055,17.77108434,7.981927711,25.75301205,3.822289157,7.273760331,85.75757576,5.311804283,63.3,3
1087,SAN JOSEGOICOECHEAPURRAL,SAN JOSE,GOICOECHEA,PURRAL,4.826164371,9185.284281,100,27.68447137,26.98805709,27.42290749,6.346365639,33.76927313,3.779460352,8.510364612,99.91514637,9.125357948,66.9,3
1091,SAN JOSESANTA ANASANTA ANA,SAN JOSE,SANTA ANA,SANTA ANA,1.983848315,2189.555126,100,11.14836547,19.83215548,27.32606873,10.56160939,37.88767812,3.133277452,11.09089031,98.9787234,7.691453663,91.9,4
1092,SAN JOSESANTA ANASALITRAL,SAN JOSE,SANTA ANA,SALITRAL,2.313624679,211.2911144,45.67843866,33.50253807,26.32434944,21.06598985,9.560067682,30.62605753,3.631979695,7.779012346,85.63968668,5.353236872,70.9,3
1093,SAN JOSESANTA ANAPOZOS,SAN JOSE,SANTA ANA,POZOS,2.532313374,1161.326379,100,16.54287643,23.68944498,19.19873959,8.552779653,27.75151924,3.495836147,10.75495638,97.15400505,7.057318061,91.9,4
1094,SAN JOSESANTA ANAURUCA,SAN JOSE,SANTA ANA,URUCA,2.597402597,1034.482759,94.15277778,14.3974241,22.94444444,19.54921803,10.76356946,30.31278749,3.273229071,10.6535925,97.90989317,6.941656831,81.7,4
1095,SAN JOSESANTA ANAPIEDADES,SAN JOSE,SANTA ANA,PIEDADES,2.274530547,665.1391162,92.56889764,19.92401857,20.84153543,22.4567328,8.231321233,30.68805403,3.409033347,9.927675707,93.31345826,6.499996216,82.1,4
1096,SAN JOSESANTA ANABRASIL,SAN JOSE,SANTA ANA,BRASIL,1.312551272,788.4146341,100,16.38888889,23.62722351,20.83333333,6.805555556,27.63888889,3.591666667,9.26953125,96.87055477,6.670024137,78,4
1101,SAN JOSEALAJUELITAALAJUELITA,SAN JOSE,ALAJUELITA,ALAJUELITA,3.447636701,9221.538462,100,17.54385965,22.57257257,30.33006244,8.623253048,38.95331549,3.561106155,8.919062181,99.93761697,9.129297164,75.6,3
1102,SAN JOSEALAJUELITASAN JOSECITO,SAN JOSE,ALAJUELITA,SAN JOSECITO,2.48082995,4841.474654,100,22.79360667,25.95659623,23.21056289,7.852675469,31.06323836,3.642112578,8.587058533,98.73506676,8.484974634,68.8,3
1103,SAN JOSEALAJUELITASAN ANTONIO,SAN JOSE,ALAJUELITA,SAN ANTONIO,3.341902314,491.0880829,83.60413589,42.06231454,27.76957164,20.3264095,9.569732938,29.89614243,3.515578635,7.923120729,77.68532526,6.196623507,53.7,2
1104,SAN JOSEALAJUELITACONCEPCION,SAN JOSE,ALAJUELITA,CONCEPCION,4.912099276,6477.854671,100,25.51530919,26.13108274,26.53592155,6.523914349,33.0598359,3.743646188,7.958264915,99.44694797,8.776144665,66.1,3
1105,SAN JOSEALAJUELITASAN FELIPE,SAN JOSE,ALAJUELITA,SAN FELIPE,3.762036886,6133.527132,100,32.0862397,29.25210907,26.93722257,5.098287888,32.03551046,4.009511731,7.866977054,99.39281943,8.721525252,64,3
1111,SAN JOSEVAZQUEZ DE CORONADOSAN ISIDRO,SAN JOSE,VAZQUEZ DE CORONADO,SAN ISIDRO,2.554101661,3142.722117,99.26015038,10.25278059,19.77142857,26.47118301,7.846309403,34.31749242,3.357330637,10.7152552,99.34493347,8.05284462,83.4,4
1112,SAN JOSEVAZQUEZ DE CORONADOSAN RAFAEL,SAN JOSE,VAZQUEZ DE CORONADO,SAN RAFAEL,3.049555273,406.2319677,90.19886364,21.06339468,21.12215909,21.72801636,9.45807771,31.18609407,3.563394683,9.120041754,95.2653486,6.006924345,79.1,4
1113,SAN JOSEVAZQUEZ DE CORONADODULCE NOMBRE DE JESUS,SAN JOSE,VAZQUEZ DE CORONADO,DULCE NOMBRE DE JESUS,4.036697248,146.9683258,98.0500821,16.16878267,22.27011494,23.33831217,6.534727409,29.87303958,3.63592233,9.209538305,96.79849341,4.990217093,74.6,3
1114,SAN JOSEVAZQUEZ DE CORONADOPATALILLO,SAN JOSE,VAZQUEZ DE CORONADO,PATALILLO,2.6768045,10766.66667,100,9.149007736,20.51206447,24.70568449,7.98856374,32.69424823,3.422300706,10.43422897,99.71083518,9.284210221,82.1,4
1115,SAN JOSEVAZQUEZ DE CORONADOCASCAJAL,SAN JOSE,VAZQUEZ DE CORONADO,CASCAJAL,4.147300679,51.20633229,82.81807372,29.84913793,24.83650416,22.95258621,7.75862069,30.7112069,3.60237069,8.186389414,92.99889746,3.935863202,65.1,3
1121,SAN JOSEACOSTASAN IGNACIO,SAN JOSE,ACOSTA,SAN IGNACIO,2.131837307,388.7882708,15.27284827,22.88037166,23.89086069,24.19667054,9.523809524,33.72048006,3.476577623,8.541796543,92.80969129,5.963034904,64.7,3
1122,SAN JOSEACOSTAGUAITIL,SAN JOSE,ACOSTA,GUAITIL,2.298850575,54.83135825,0,35.31855956,23.27514547,18.69806094,10.11080332,28.80886427,3.332409972,6.605145414,84.40111421,4.004262261,49.4,2
1123,SAN JOSEACOSTAPALMICHAL,SAN JOSE,ACOSTA,PALMICHAL,2.165242165,132.4754193,25.03820127,30.95599393,25.3219821,21.39605463,10.62215478,32.01820941,3.475720789,7.741369222,86.37413395,4.886397113,53.5,2
1124,SAN JOSEACOSTACANGREJAL,SAN JOSE,ACOSTA,CANGREJAL,1.824212272,29.30603314,0,39.65811966,25.33333333,18.63247863,10.76923077,29.4017094,3.203418803,6.068249258,86.73647469,3.377793404,40.2,1
1125,SAN JOSEACOSTASABANILLAS,SAN JOSE,ACOSTA,SABANILLAS,1.419354839,13.19857313,0,46.64842681,25.31102531,16.14227086,16.82626539,32.96853625,3.187414501,5.639798489,78.80886427,2.580108728,36,1
1131,SAN JOSETIBASSAN JUAN,SAN JOSE,TIBAS,SAN JUAN,2.831465017,6433.431953,100,8.363636364,15.63117958,33.93006993,12.08391608,46.01398601,3.03972028,11.02590157,99.98572652,8.769263416,83.3,4
1132,SAN JOSETIBASCINCO ESQUINAS,SAN JOSE,TIBAS,CINCO ESQUINAS,4.831288344,8977.272727,100,25.04592774,24.42194093,28.41396203,11.32884262,39.74280465,3.628291488,8.646101114,99.87593052,9.10245141,65.7,3
1133,SAN JOSETIBASANSELMO LLORENTE,SAN JOSE,TIBAS,ANSELMO LLORENTE,2.722667792,7184.172662,100,6.713331212,15.13118366,32.73942094,10.30862234,43.04804327,3.146675151,11.5748183,99.9356085,8.879635644,87.4,4
1134,SAN JOSETIBASLEON XIII,SAN JOSE,TIBAS,LEON XIII,5.057424945,17292.40506,100,35.29749928,27.67000952,28.62891636,6.86979017,35.49870652,3.919804542,7.465212486,99.58333333,9.75802267,58.1,2
1135,SAN JOSETIBASCOLIMA,SAN JOSE,TIBAS,COLIMA,3.536733455,7007.772021,100,12.0971621,18.56561922,30.68783069,11.01491101,41.7027417,3.252765753,10.72895451,99.97546614,8.854775101,77.3,4
1141,SAN JOSEMORAVIASAN VICENTE,SAN JOSE,MORAVIA,SAN VICENTE,3.092369478,5772.439479,100,8.612781572,17.00109684,29.92559372,9.866476404,39.79207013,3.13709102,11.77737614,99.97929607,8.660850057,88.2,4
1142,SAN JOSEMORAVIASAN JERONIMO,SAN JOSE,MORAVIA,SAN JERONIMO,2.870090634,333.9120998,94.36139097,23.91552511,24.13064673,20.77625571,9.474885845,30.25114155,3.512557078,8.758723404,97.11482977,5.810877784,69.1,3
1143,SAN JOSEMORAVIALA TRINIDAD,SAN JOSE,MORAVIA,LA TRINIDAD,3.338107304,4101.037344,100,13.82273948,23.87818081,23.72426141,6.069829902,29.79409132,3.537511191,9.688233068,99.47089947,8.318995231,78.2,4
1151,SAN JOSEMONTES DE OCASAN PEDRO,SAN JOSE,MONTES DE OCA,SAN PEDRO,2.59045709,4974.481328,100,6.821757698,13.0792009,34.81681277,18.97055518,53.78736795,2.665992358,12.0663382,99.85961628,8.512076388,86.9,4
1152,SAN JOSEMONTES DE OCASABANILLA,SAN JOSE,MONTES DE OCA,SABANILLA,2.895120175,6019.553073,100,5.970563732,15.78654292,31.18578173,13.07970008,44.26548181,2.986114968,12.34597254,99.97155859,8.702768295,90.2,4
1153,SAN JOSEMONTES DE OCAMERCEDES,SAN JOSE,MONTES DE OCA,MERCEDES,1.963294921,3372.661871,100,6.460224239,13.48122867,35.77148959,22.47730913,58.24879872,2.499733049,12.49707602,99.77464789,8.123457584,78.3,4
1154,SAN JOSEMONTES DE OCASAN RAFAEL,SAN JOSE,MONTES DE OCA,SAN RAFAEL,4.174778283,1353.631285,100,18.75,21.68799009,25.88778409,9.446022727,35.33380682,3.425426136,10.14918648,98.07272727,7.210546101,83.2,4
1161,SAN JOSETURRUBARESSAN PABLO,SAN JOSE,TURRUBARES,SAN PABLO,2.731092437,52.41405948,54.23728814,22.89719626,24.3183493,26.86915888,11.21495327,38.08411215,3.170560748,8.188571429,92.21698113,3.959174866,64.2,3
1162,SAN JOSETURRUBARESSAN PEDRO,SAN JOSE,TURRUBARES,SAN PEDRO,3.149606299,16.51329243,0,35.57692308,19.50464396,16.34615385,11.53846154,27.88461538,3.105769231,7.408730159,85.09615385,2.804165658,72.2,3
1163,SAN JOSETURRUBARESSAN JUAN DE MATA,SAN JOSE,TURRUBARES,SAN JUAN DE MATA,7.415730337,13.99147727,0,32.01133144,25.12690355,16.4305949,10.19830028,26.62889518,3.300283286,7.244019139,88.95348837,2.638448378,45.5,1
1164,SAN JOSETURRUBARESSAN LUIS,SAN JOSE,TURRUBARES,SAN LUIS,3.468208092,11.61797753,0,48.46625767,23.21083172,11.04294479,11.04294479,22.08588957,3.171779141,6.281081081,66.04938272,2.452553686,41,1
1165,SAN JOSETURRUBARESCARARA,SAN JOSE,TURRUBARES,CARARA,2.643856921,8.178942612,0,36.52802893,27.9558011,16.4556962,14.10488246,30.56057866,3.273056058,6.481848185,84.65804067,2.101562877,48.3,2
1171,SAN JOSEDOTASANTA MARIA,SAN JOSE,DOTA,SANTA MARIA,2.622377622,55.61439403,46.05063839,29.21348315,25.1027916,23.97003745,11.23595506,35.20599251,3.437453184,8.282079646,90.27565084,4.018442053,58.7,2
1172,SAN JOSEDOTAJARDIN,SAN JOSE,DOTA,JARDIN,0,14.84419263,0,50.33557047,26.33587786,5.369127517,14.09395973,19.46308725,3.516778523,6.647398844,58.50340136,2.69760872,45.6,1
1173,SAN JOSEDOTACOPEY,SAN JOSE,DOTA,COPEY,0.416088766,6.397473654,0,61.30952381,26.95507488,14.88095238,11.11111111,25.99206349,3.577380952,7.094736842,48.29659319,1.855903171,51.3,2
1181,SAN JOSECURRIDABATCURRIDABAT,SAN JOSE,CURRIDABAT,CURRIDABAT,2.834589164,4447.067901,100,11.45242427,16.51802755,30.04388312,11.31328267,41.35716579,3.07642085,11.54696175,99.86953686,8.400000259,85.6,4
1182,SAN JOSECURRIDABATGRANADILLA,SAN JOSE,CURRIDABAT,GRANADILLA,3.088361453,4333.72434,100,13.89548694,21.06509677,22.99287411,8.717339667,31.71021378,3.504038005,10.49902629,99.58847737,8.374182576,76.4,3
1183,SAN JOSECURRIDABATSANCHEZ,SAN JOSE,CURRIDABAT,SANCHEZ,1.566393734,1286.330935,100,7.356608479,18.58687547,17.95511222,7.668329177,25.6234414,3.344139651,13.15311987,98.36990596,7.159549208,100,4
1184,SAN JOSECURRIDABATTIRRASES,SAN JOSE,CURRIDABAT,TIRRASES,3.859134263,8596.296296,100,33.49414197,27.20502247,25.13209281,7.489087985,32.62118079,3.716747071,7.993359248,99.52629086,9.059086726,68.2,3
1191,SAN JOSEPEREZ ZELEDONSAN ISIDRO DEL GENERAL,SAN JOSE,PEREZ ZELEDON,SAN ISIDRO DEL GENERAL,3.802808761,230.2148408,74.6133651,22.09174312,25.54548062,28.42568807,8.770642202,37.19633028,3.323743119,8.865868395,95.99792485,5.439012963,65.9,3
1192,SAN JOSEPEREZ ZELEDONEL GENERAL,SAN JOSE,PEREZ ZELEDON,EL GENERAL,3.924349882,80.77313054,0,24.2506812,27.02024164,19.89100817,8.719346049,28.61035422,3.472479564,7.775969962,95.90707965,4.391644367,65.5,3
1193,SAN JOSEPEREZ ZELEDONDANIEL FLORES,SAN JOSE,PEREZ ZELEDON,DANIEL FLORES,3.651082108,539.9613589,85.5562513,24.93546722,26.75254197,26.36035106,7.919463087,34.27981415,3.404336603,8.296702448,97.11929861,6.291497579,68.9,3
1194,SAN JOSEPEREZ ZELEDONRIVAS,SAN JOSE,PEREZ ZELEDON,RIVAS,2.739130435,21.40977749,0,45.73601304,26.38446366,16.07821836,8.365019011,24.44323737,3.5801195,7.104209236,70.58501914,3.06384771,52.5,2
1195,SAN JOSEPEREZ ZELEDONSAN PEDRO,SAN JOSE,PEREZ ZELEDON,SAN PEDRO,3.377110694,43.48573886,0,43.60487997,30.59767084,17.19795356,8.382526564,25.58048013,3.582054309,6.184829721,83.02261008,3.772433042,47.2,1
1196,SAN JOSEPEREZ ZELEDONPLATANARES,SAN JOSE,PEREZ ZELEDON,PLATANARES,2.091503268,79.91789637,0,45.71572581,28.15493544,17.23790323,6.451612903,23.68951613,3.630544355,6.764190476,71.63876205,4.380999812,49.7,2
1197,SAN JOSEPEREZ ZELEDONPEJIBAYE,SAN JOSE,PEREZ ZELEDON,PEJIBAYE,1.223845243,38.79184862,13.17073171,48.70420018,28.09255785,16.53261841,7.953529937,24.48614835,3.570598749,6.325662483,73.40234023,3.658210137,45.2,1
1198,SAN JOSEPEREZ ZELEDONCAJON,SAN JOSE,PEREZ ZELEDON,CAJON,4.905508645,72.29792636,19.77288691,33.72483221,29.67689066,18.58221477,6.837248322,25.41946309,3.582634228,6.603164353,89.41776456,4.280795448,46.9,1
1199,SAN JOSEPEREZ ZELEDONBARU,SAN JOSE,PEREZ ZELEDON,BARU,2.863961814,12.65601862,0,43.90243902,26.66109486,13.41463415,10.8401084,24.25474255,3.242547425,6.807560137,74.11444142,2.538132882,49,2
1201,SAN JOSELEON CORTESSAN PABLO,SAN JOSE,LEON CORTES,SAN PABLO,2.887844191,201.0989011,94.20289855,34.04958678,25.80185317,23.71900826,9.834710744,33.55371901,3.478512397,8.060923077,88.54254423,5.303796832,63.9,3
1202,SAN JOSELEON CORTESSAN ANDRES,SAN JOSE,LEON CORTES,SAN ANDRES,2.772643253,98.93416928,0,38.22222222,25.60202788,16.88888889,5.777777778,22.66666667,3.506666667,6.656946827,76.23318386,4.594454672,45.2,1
1203,SAN JOSELEON CORTESLLANO BONITO,SAN JOSE,LEON CORTES,LLANO BONITO,2.474526929,62.47410476,0,43.0292599,26.48034107,14.45783133,9.638554217,24.09638554,3.633390706,6.588157895,85.71428571,4.134752147,44.8,1
1204,SAN JOSELEON CORTESSAN ISIDRO,SAN JOSE,LEON CORTES,SAN ISIDRO,4,81.95931478,0,33.81995134,26.64924886,11.92214112,8.02919708,19.9513382,3.722627737,6.703839122,87.09677419,4.406222963,45.2,1
1205,SAN JOSELEON CORTESSANTA CRUZ,SAN JOSE,LEON CORTES,SANTA CRUZ,0.454545455,77.55006986,0,69.57446809,23.66366366,16.59574468,13.82978723,30.42553191,3.542553191,6.958745875,40.30172414,4.35092379,49.7,2
1206,SAN JOSELEON CORTESSAN ANTONIO,SAN JOSE,LEON CORTES,SAN ANTONIO,1.470588235,110.8216433,88.51717902,28.15533981,23.960217,14.5631068,7.1197411,21.6828479,3.579288026,6.788968825,91.74917492,4.707922092,54.4,2
2011,ALAJUELAALAJUELAALAJUELA,ALAJUELA,ALAJUELA,ALAJUELA,3.100652769,4839.527027,100,14.16567519,19.7556719,29.34265318,10.50713861,39.84979179,3.174301011,10.029311,99.10956837,8.484572273,72,3
2012,ALAJUELAALAJUELASAN JOSE,ALAJUELA,ALAJUELA,SAN JOSE,3.495926007,2859.025395,100,15.909461,23.05550221,23.31053574,8.532812246,31.84334799,3.388861749,9.475930756,98.14524771,7.958236075,70.3,3
2013,ALAJUELAALAJUELACARRIZAL,ALAJUELA,ALAJUELA,CARRIZAL,3.763812155,431.1949686,54.20070012,23.53887399,25.94807468,18.230563,7.131367292,25.36193029,3.655764075,7.843518879,99.83624454,6.066560351,62.6,3
2014,ALAJUELAALAJUELASAN ANTONIO,ALAJUELA,ALAJUELA,SAN ANTONIO,3.797701149,2876.843318,100,18.86145405,23.90372832,22.52400549,9.053497942,31.57750343,3.418792867,8.502587519,98.1995813,7.964448902,73.3,3
2015,ALAJUELAALAJUELAGUACIMA,ALAJUELA,ALAJUELA,GUACIMA,2.926712247,722.8868195,97.13620374,24.273748,25.883169,17.5726252,7.164498307,24.73712351,3.589912672,8.111299804,95.57007988,6.583252667,70.8,3
2016,ALAJUELAALAJUELASAN ISIDRO,ALAJUELA,ALAJUELA,SAN ISIDRO,4.095130875,482.1299136,58.84121661,24.38823771,25.18792645,20.35780382,8.431009665,28.78881349,3.528685996,8.200151172,99.08045977,6.178213608,58.9,2
2017,ALAJUELAALAJUELASABANILLA,ALAJUELA,ALAJUELA,SABANILLA,2.89066972,209.1181902,23.70018766,29.41656467,27.61894249,16.40146879,7.955936353,24.35740514,3.693186455,7.215007657,98.7717069,5.342899595,58.2,2
2018,ALAJUELAALAJUELASAN RAFAEL,ALAJUELA,ALAJUELA,SAN RAFAEL,4.906788604,1364.241164,97.39789698,22.17887155,23.28177385,18.87755102,8.913565426,27.79111645,3.572328932,8.918302095,93.23515877,7.218353629,67.1,3
2019,ALAJUELAALAJUELARIO SEGUNDO,ALAJUELA,ALAJUELA,RIO SEGUNDO,3.753180662,2010.055866,100,25.58211735,22.34574764,24.68177585,9.717479044,34.39925489,3.349580876,8.616057051,93.83977019,7.605917795,67.2,3
2021,ALAJUELASAN RAMONSAN RAMON,ALAJUELA,SAN RAMON,SAN RAMON,2.5,6757.364341,100,12.23870533,17.17333945,36.34524612,10.01348618,46.3587323,2.938975051,10.86592179,99.69262295,8.818388203,79.1,4
2022,ALAJUELASAN RAMONSANTIAGO,ALAJUELA,SAN RAMON,SANTIAGO,3.002832861,75.34474165,20.44101433,28.96218825,26.35060639,16.17055511,8.447304907,24.61786002,3.638777152,8.286401925,83.26497129,4.322074137,63.4,3
2023,ALAJUELASAN RAMONSAN JUAN,ALAJUELA,SAN RAMON,SAN JUAN,3.794691818,2306.706114,100,17.01578192,23.41171441,27.37446198,8.579626973,35.95408895,3.342611191,9.049243232,100,7.743575861,70.1,3
2024,ALAJUELASAN RAMONPIEDADES NORTE,ALAJUELA,SAN RAMON,PIEDADES NORTE,2.292541169,177.1472059,42.35915061,21.09669318,23.73879956,22.22687317,8.162411051,30.38928422,3.410213478,8.593193881,94.13265306,5.176981059,70.4,3
2025,ALAJUELASAN RAMONPIEDADES SUR,ALAJUELA,SAN RAMON,PIEDADES SUR,1.457725948,32.09961357,8.373461744,33.9708561,23.91653291,15.20947177,10.92896175,26.13843352,3.404371585,7.436231884,81.16883117,3.468843992,56.3,2
2026,ALAJUELASAN RAMONSAN RAFAEL,ALAJUELA,SAN RAMON,SAN RAFAEL,3.027867095,302.3353876,45.18828452,21.728035,22.15427529,23.40503099,9.332847248,32.73787824,3.387531899,9.329608939,91.28338279,5.711536956,65.1,3
2027,ALAJUELASAN RAMONSAN ISIDRO,ALAJUELA,SAN RAMON,SAN ISIDRO,1.451800232,521.3038417,32.02322465,21.09004739,24.34122376,21.40600316,6.714060032,28.12006319,3.537124803,8.695530726,99.52191235,6.256333061,65.8,3
2028,ALAJUELASAN RAMONANGELES,ALAJUELA,SAN RAMON,ANGELES,3.930560105,22.06588614,34.38823529,29.28039702,27.29411765,17.41108354,9.925558313,27.33664185,3.511579818,7.404761905,92.33375688,3.094032802,56.3,2
2029,ALAJUELASAN RAMONALFARO,ALAJUELA,SAN RAMON,ALFARO,2.544802867,408.0617496,63.37396665,16.16399623,23.32912989,22.80867107,9.613572102,32.42224317,3.27332705,9.754919499,95.38017324,6.01141851,71,3
2031,ALAJUELAGRECIAGRECIA,ALAJUELA,GRECIA,GRECIA,2.740751835,2166.034985,88.12840703,13.79310345,18.77649909,26.74000423,8.779352655,35.51935689,3.143219801,9.95846395,99.39485628,7.680653579,74.4,3
2032,ALAJUELAGRECIASAN ISIDRO,ALAJUELA,GRECIA,SAN ISIDRO,3.07503075,328.8557214,56.14388973,17.78929188,22.82736594,17.67415083,6.966033391,24.64018423,3.424870466,8.846740051,98.80810489,5.795619118,66.2,3
2033,ALAJUELAGRECIASAN JOSE,ALAJUELA,GRECIA,SAN JOSE,2.272029475,652.173913,60.86419753,17.81659389,25.13580247,17.33624454,6.069868996,23.40611354,3.520087336,8.512961763,99.86678508,6.480311264,66.5,3
2034,ALAJUELAGRECIASAN ROQUE,ALAJUELA,GRECIA,SAN ROQUE,2.422373926,425.8607498,77.99137621,15.98017962,23.53575278,19.63456178,7.401672344,27.03623413,3.417466708,8.817575339,99.34003771,6.054112414,69.6,3
2035,ALAJUELAGRECIATACARES,ALAJUELA,GRECIA,TACARES,2.661364332,320.5716586,45.53560216,21.36404697,24.48825819,17.88617886,8.581752484,26.46793135,3.566847335,7.701836394,99.95298543,5.770105835,62.1,3
2036,ALAJUELAGRECIARIO CUARTO,ALAJUELA,GRECIA,RIO CUARTO,2.831117676,43.56412274,21.99747155,38.33049404,32.0841611,13.18568995,9.676320273,22.86201022,3.7560477,6.508358454,94.87719298,3.774233939,39.9,1
2037,ALAJUELAGRECIAPUENTE DE PIEDRA,ALAJUELA,GRECIA,PUENTE DE PIEDRA,3.599712023,461.7672791,73.38006821,20.90053763,24.97158014,19.35483871,7.728494624,27.08333333,3.547043011,7.848053892,98.24501032,6.135061039,60.5,2
2038,ALAJUELAGRECIABOLIVAR,ALAJUELA,GRECIA,BOLIVAR,3.517938001,239.6898713,47.6256022,20.35021297,24.40467997,18.59914813,8.045433034,26.64458116,3.437766209,8.049565847,99.76042166,5.479345885,59.8,2
2041,ALAJUELASAN MATEOSAN MATEO,ALAJUELA,SAN MATEO,SAN MATEO,1.816347124,41.485591,37.77860327,29.19621749,21.87964339,20.56737589,10.9929078,31.56028369,3.182033097,8.548792271,90.07177033,3.725346162,66.1,3
2042,ALAJUELASAN MATEODESMONTE,ALAJUELA,SAN MATEO,DESMONTE,1.169590643,48.33795014,0,30.34482759,22.44508118,11.72413793,7.931034483,19.65517241,3.610344828,7.631707317,99.65034965,3.878216969,57.4,2
2043,ALAJUELASAN MATEOJESUS MARIA,ALAJUELA,SAN MATEO,JESUS MARIA,3.213367609,60.91486658,24.78097622,29.12621359,24.73925741,16.64355062,11.92787795,28.57142857,3.32038835,7.621714286,95.64606742,4.10947726,69.4,3
2051,ALAJUELAATENASATENAS,ALAJUELA,ATENAS,ATENAS,2.21667187,845.0167973,79.52557646,12.24944321,18.99019348,22.36080178,8.5077951,30.86859688,3.356347439,10.29823455,98.41628959,6.739356506,88.2,4
2052,ALAJUELAATENASJESUS,ALAJUELA,ATENAS,JESUS,2.506775068,215.2341434,31.53401267,17.21611722,21.94987607,18.58974359,6.95970696,25.54945055,3.325091575,9.042936288,96.66357739,5.371726475,65.9,3
2053,ALAJUELAATENASMERCEDES,ALAJUELA,ATENAS,MERCEDES,2.489959839,376.746988,42.88455389,16.94560669,22.38567317,19.14225941,9.205020921,28.34728033,3.270920502,8.653530378,97.32334047,5.931573843,71.2,3
2054,ALAJUELAATENASSAN ISIDRO,ALAJUELA,ATENAS,SAN ISIDRO,1.626794258,193.8662991,0,37.64115433,23.39139708,14.55457967,6.900878294,21.45545797,3.529485571,7.039215686,78.59922179,5.267168742,58.1,2
2055,ALAJUELAATENASCONCEPCION,ALAJUELA,ATENAS,CONCEPCION,1.459293395,144.8290242,64.72790095,20.50799624,21.33602073,16.46284102,7.714016933,24.17685795,3.267168391,8.916913947,90.90909091,4.975553903,77.1,4
2056,ALAJUELAATENASSAN JOSE,ALAJUELA,ATENAS,SAN JOSE,2.242744063,138.769671,80.6185567,26.36986301,22.73195876,18.49315068,8.047945205,26.54109589,3.321917808,8.216819974,92.01388889,4.932815516,62,2
2057,ALAJUELAATENASSANTA EULALIA,ALAJUELA,ATENAS,SANTA EULALIA,1.882352941,146.7230444,82.27665706,21.95512821,23.7271854,16.34615385,12.17948718,28.52564103,3.336538462,7.869791667,97.40680713,4.988546758,74.5,3
2058,ALAJUELAATENASESCOBAL,ALAJUELA,ATENAS,ESCOBAL,2.941176471,32.08475218,35.96698113,24.81481481,22.40566038,12.59259259,11.48148148,24.07407407,3.140740741,7.268518519,99.23664122,3.468380907,59.1,2
2061,ALAJUELANARANJONARANJO,ALAJUELA,NARANJO,NARANJO,2.974391602,908.034188,84.47540161,19.45054945,22.48368474,25.67032967,7.384615385,33.05494505,3.485274725,8.664165391,99.93256912,6.81128203,65.5,3
2062,ALAJUELANARANJOSAN MIGUEL,ALAJUELA,NARANJO,SAN MIGUEL,1.928530913,310.4666667,49.79600601,24.3804956,27.52845179,20.38369305,6.474820144,26.85851319,3.722621902,7.592227378,99.75490196,5.738076542,59.2,2
2063,ALAJUELANARANJOSAN JOSE,ALAJUELA,NARANJO,SAN JOSE,2.179379715,154.3945313,31.05629349,21.26068376,23.62428843,17.84188034,8.867521368,26.70940171,3.378205128,8.160891089,97.12389381,5.039511218,63.6,3
2064,ALAJUELANARANJOCIRRI SUR,ALAJUELA,NARANJO,CIRRI SUR,2.003434459,141.8068536,26.18629174,21.8870843,24.64850615,20.72699149,8.816705336,29.54369683,3.514307811,7.632687927,98.51909587,4.954465946,56.4,2
2065,ALAJUELANARANJOSAN JERONIMO,ALAJUELA,NARANJO,SAN JERONIMO,3.921568627,345.7627119,63.26593137,26.22020431,26.83823529,21.67990919,7.491486947,29.17139614,3.694665153,7.452495974,99.06542056,5.845752736,63.8,3
2066,ALAJUELANARANJOSAN JUAN,ALAJUELA,NARANJO,SAN JUAN,3.656597774,443.5897436,41.522158,21.98177677,24.34168272,23.34851936,7.403189066,30.75170843,3.546697039,8.566021867,99.64243147,6.094900134,58.9,2
2067,ALAJUELANARANJOEL ROSARIO,ALAJUELA,NARANJO,EL ROSARIO,2.139800285,223.2323232,36.67820069,24.42827443,27.70827788,16.21621622,6.340956341,22.55717256,3.905405405,6.883973894,98.10526316,5.408213037,55.1,2
2068,ALAJUELANARANJOPALMITOS,ALAJUELA,NARANJO,PALMITOS,2.933673469,520.8536585,7.890423788,21.2096106,23.46054788,20.7953604,8.450704225,29.24606462,3.531068766,8.452739314,99.65899403,6.255469117,59.5,2
2071,ALAJUELAPALMARESPALMARES,ALAJUELA,PALMARES,PALMARES,2.451954937,3301.834862,100,16.28113879,17.03250903,29.3594306,10.3202847,39.6797153,3.201957295,9.749044586,100,8.102233612,87.2,4
2072,ALAJUELAPALMARESZARAGOZA,ALAJUELA,PALMARES,ZARAGOZA,3.207261725,1020.993789,89.82844628,19.75630983,21.59630125,19.49521323,7.397737163,26.89295039,3.56483899,9.059673946,93.38915822,6.928531735,72.7,3
2073,ALAJUELAPALMARESBUENOS AIRES,ALAJUELA,PALMARES,BUENOS AIRES,2.91785601,1092.274052,81.14239957,15.19925857,21.29987989,22.93790547,8.109360519,31.04726599,3.459684893,9.660013089,97.20018665,6.996017088,81.9,4
2074,ALAJUELAPALMARESSANTIAGO,ALAJUELA,PALMARES,SANTIAGO,2.480916031,340,46.80306905,36.38814016,21.62952137,16.98113208,7.95148248,24.93261456,3.676549865,7.850183824,83.53909465,5.828945618,60.7,2
2075,ALAJUELAPALMARESCANDELARIA,ALAJUELA,PALMARES,CANDELARIA,4.695431472,481.8181818,31.71851096,24.3772242,23.04946456,19.57295374,8.540925267,28.113879,3.489323843,7.117326057,94.67889908,6.177566827,55.6,2
2076,ALAJUELAPALMARESESQUIPULAS,ALAJUELA,PALMARES,ESQUIPULAS,3.420132141,1226.815642,86.5513054,21.65820643,26.1232544,22.22222222,6.034968979,28.2571912,3.715736041,8.077559055,97.7599081,7.112177182,66.7,3
2077,ALAJUELAPALMARESLA GRANJA,ALAJUELA,PALMARES,LA GRANJA,3.471791692,901.3129103,82.85991746,15.57305337,22.69968439,21.87226597,7.261592301,29.13385827,3.551181102,9.322263223,96.08192342,6.80385249,88.5,4
2081,ALAJUELAPOASSAN PEDRO,ALAJUELA,POAS,SAN PEDRO,3.947368421,515.9836066,78.32936193,18.84387802,22.54434737,21.25625853,7.510241238,28.76649977,3.438324989,8.824002682,97.71455224,6.246074995,69.6,3
2082,ALAJUELAPOASSAN JUAN,ALAJUELA,POAS,SAN JUAN,2.791196994,306.9490404,50.25873221,21.73573104,24.55799914,17.74824081,7.505863956,25.25410477,3.619233776,8.007307476,100,5.726681742,61.7,2
2083,ALAJUELAPOASSAN RAFAEL,ALAJUELA,POAS,SAN RAFAEL,3.479439675,379.6089385,15.52612215,22.68178786,24.50331126,16.14409606,6.537691795,22.68178786,3.6257505,7.827569411,99.79480164,5.939141614,63.8,3
2084,ALAJUELAPOASCARRILLOS,ALAJUELA,POAS,CARRILLOS,3.668704836,992.2580645,84.69874296,23.3251634,26.22453403,20.05718954,6.535947712,26.59313725,3.763888889,7.898134864,100,6.899983219,60.9,2
2085,ALAJUELAPOASSABANA REDONDA,ALAJUELA,POAS,SABANA REDONDA,3.82387022,114.4601856,0,37.40458015,28.97994025,15.26717557,9.770992366,25.03816794,3.577099237,6.611111111,97.77424483,4.740227039,51.4,2
2091,ALAJUELAOROTINAOROTINA,ALAJUELA,OROTINA,OROTINA,2.331125828,483.4417209,76.94536424,18.68907563,23.33402318,23.73109244,10.11764706,33.8487395,3.244033613,8.966277562,99.2481203,6.180930772,69.7,3
2092,ALAJUELAOROTINAEL MASTATE,ALAJUELA,OROTINA,EL MASTATE,3.622047244,199.0163934,25.37067545,15.12915129,26.08456892,21.95571956,8.302583026,30.25830258,3.359778598,8.305714286,99.24098672,5.2933872,54.8,2
2093,ALAJUELAOROTINAHACIENDA VIEJA,ALAJUELA,OROTINA,HACIENDA VIEJA,2.132701422,62.35509457,85.02935421,20.63492063,20.45009785,21.58730159,9.841269841,31.42857143,3.244444444,8.225247525,98.38187702,4.132845378,57.8,2
2094,ALAJUELAOROTINACOYOLAR,ALAJUELA,OROTINA,COYOLAR,3.32261522,160.9583447,29.55006766,37.69633508,29.16102842,20.53519488,8.609656777,29.14485166,3.439208842,7.062236781,95.34746761,5.081145603,52.9,2
2095,ALAJUELAOROTINALA CEIBA,ALAJUELA,OROTINA,LA CEIBA,3,32.21589004,0,33.68421053,28.14776275,14.21052632,12.63157895,26.84210526,3.370175439,7.147865854,99.29078014,3.47245981,54.1,2
2101,ALAJUELASAN CARLOSQUESADA,ALAJUELA,SAN CARLOS,QUESADA,2.47031145,289.4501411,70.92249168,20.17205338,25.53732763,25.77584821,8.594629362,34.37047757,3.371603152,9.009808077,97.87372709,5.667983058,66.6,3
2102,ALAJUELASAN CARLOSFLORENCIA,ALAJUELA,SAN CARLOS,FLORENCIA,2.347749338,83.16771891,64.59832332,27.11283691,26.62221929,19.91777067,9.547738693,29.46550937,3.458200091,7.637624467,97.76692254,4.420859279,59.8,2
2103,ALAJUELASAN CARLOSBUENAVISTA,ALAJUELA,SAN CARLOS,BUENAVISTA,0.854700855,8.696815628,0,32.60869565,31.69230769,11.95652174,7.608695652,19.56521739,3.532608696,6.216981132,86.95652174,2.162956939,57.3,2
2104,ALAJUELASAN CARLOSAGUAS ZARCAS,ALAJUELA,SAN CARLOS,AGUAS ZARCAS,3.379537954,126.9698871,41.36568012,26.35353173,30.25347102,20.52707063,8.659017569,29.1860882,3.622803872,7.395695597,98.64120455,4.843949949,55.1,2
2105,ALAJUELASAN CARLOSVENECIA,ALAJUELA,SAN CARLOS,VENECIA,3.177257525,66.38198223,25.617348,25.57352388,29.92322059,18.08950733,9.514855209,27.60436254,3.624670929,7.476813317,97.58342923,4.195425668,61.6,2
2106,ALAJUELASAN CARLOSPITAL,ALAJUELA,SAN CARLOS,PITAL,2.535541551,46.12843939,49.78057512,38.98847631,29.99191593,17.05078959,9.880495092,26.93128468,3.683738796,6.703565996,76.799117,3.831429666,49.6,2
2107,ALAJUELASAN CARLOSLA FORTUNA,ALAJUELA,SAN CARLOS,LA FORTUNA,2.488081049,68.36888889,80.790483,26.1325597,29.99414939,19.23677751,11.93929926,31.17607677,3.422227181,7.736891038,96.68268131,4.22491788,56.4,2
2108,ALAJUELASAN CARLOSLA TIGRA,ALAJUELA,SAN CARLOS,LA TIGRA,2.300405954,105.7398806,7.154063382,30.63518831,28.77314088,16.41371557,7.532321529,23.9460371,3.566610455,6.792021515,96.90189329,4.660982122,59.4,2
2109,ALAJUELASAN CARLOSLA PALMERA,ALAJUELA,SAN CARLOS,LA PALMERA,3.415730337,50.40267921,0,24.26147077,26.23002689,15.27341295,9.302325581,24.57573853,3.66813325,7.792596108,98.53782581,3.920044333,61.3,2
2111,ALAJUELAZARCEROZARCERO,ALAJUELA,ZARCERO,ZARCERO,0.625782228,333.3888426,59.66533467,15.23569024,21.3036963,25.42087542,8.838383838,34.25925926,3.330808081,9.380024361,100,5.809309504,77,4
2112,ALAJUELAZARCEROLAGUNA,ALAJUELA,ZARCERO,LAGUNA,1.2,72.53032929,18.93667861,23.30508475,23.11827957,19.91525424,8.686440678,28.60169492,3.546610169,8.516079632,96.11231102,4.284004809,73.9,3
2113,ALAJUELAZARCEROTAPESCO,ALAJUELA,ZARCERO,TAPESCO,0.881834215,210.483871,26.59003831,19.13043478,27.04980843,11.5942029,7.246376812,18.84057971,3.782608696,8.366071429,100,5.349409028,74.5,3
2114,ALAJUELAZARCEROGUADALUPE,ALAJUELA,ZARCERO,GUADALUPE,1.769911504,51.36465324,36.14982578,24.27184466,25.69686411,14.2394822,5.501618123,19.74110032,3.715210356,7.153477218,100,3.938950256,59.4,2
2115,ALAJUELAZARCEROPALMIRA,ALAJUELA,ZARCERO,PALMIRA,0.676818951,44.0409376,79.46026987,24.38356164,25.26236882,13.69863014,10.95890411,24.65753425,3.654794521,7.071895425,100,3.785119601,66.4,3
2116,ALAJUELAZARCEROZAPOTE,ALAJUELA,ZARCERO,ZAPOTE,1.023890785,17.17406461,0,23.15270936,27.60487145,12.80788177,4.926108374,17.73399015,3.640394089,7.30078125,100,2.843400374,59.4,2
2117,ALAJUELAZARCEROBRISAS,ALAJUELA,ZARCERO,BRISAS,0.854700855,110.1265823,38.43078461,22.42990654,26.33683158,9.719626168,7.102803738,16.82242991,3.740186916,8.044897959,100,4.701630452,72.6,3
2121,ALAJUELASARCHISARCHI NORTE,ALAJUELA,SARCHI,SARCHI NORTE,2.340036563,472.5347452,47.10084034,21.84630256,24.28571429,23.44127598,7.346544224,30.7878202,3.445625906,8.406850751,100,6.158111279,64.8,3
2122,ALAJUELASARCHISARCHI SUR,ALAJUELA,SARCHI,SARCHI SUR,3.578431373,790.015361,37.62395489,22.32142857,23.87711452,21.90934066,6.25,28.15934066,3.53228022,7.850293542,99.71890372,6.67205239,59.8,2
2123,ALAJUELASARCHITORO AMARILLO,ALAJUELA,SARCHI,TORO AMARILLO,3.90625,3.638544582,24.90842491,32.22222222,23.44322344,7.777777778,17.77777778,25.55555556,3.022222222,6.159574468,92.04545455,1.291583762,57.5,2
2124,ALAJUELASARCHISAN PEDRO,ALAJUELA,SARCHI,SAN PEDRO,2.506063056,215.6962025,30.8685446,21.49837134,25.05868545,19.10966341,7.817589577,26.92725299,3.664495114,7.506976744,100,5.373870948,67,3
2125,ALAJUELASARCHIRODRIGUEZ,ALAJUELA,SARCHI,RODRIGUEZ,5.209656925,271.9230769,13.2484677,22.76559865,26.40264026,15.5143339,8.937605396,24.45193929,3.576728499,7.91080402,100,5.605519221,67.9,3
2131,ALAJUELAUPALAUPALA,ALAJUELA,UPALA,UPALA,2.855583849,65.70718997,37.61075655,32.57796724,30.47276783,21.6737716,8.27911151,29.95288311,3.619250617,7.630155742,95.88665448,4.185208356,52.2,2
2132,ALAJUELAUPALAAGUAS CLARAS,ALAJUELA,UPALA,AGUAS CLARAS,3.441558442,12.11608282,21.01640008,39.71631206,29.19619356,16.45390071,10.35460993,26.80851064,3.50070922,6.630064592,91.20171674,2.494533729,46.5,1
2133,ALAJUELAUPALASAN JOSE O PIZOTE,ALAJUELA,UPALA,SAN JOSE O PIZOTE,1.683168317,25.75131349,5.155059848,51.62713734,32.75299238,16.5471594,7.722007722,24.26916713,4.054605626,6.149897331,86.95652174,3.248485635,31.3,1
2134,ALAJUELAUPALABIJAGUA,ALAJUELA,UPALA,BIJAGUA,1.815823606,25.3959371,14.41163508,31.68389956,27.1044513,15.65731167,8.862629247,24.51994092,3.319054653,6.948686622,95.53903346,3.234589205,50.9,2
2135,ALAJUELAUPALADELICIAS,ALAJUELA,UPALA,DELICIAS,1.237432328,45.90885817,0,55.52407932,33.23667187,18.60245515,8.309726157,26.9121813,4.22190746,6.040666667,71.38700291,3.826658087,42.9,1
2136,ALAJUELAUPALADOS RIOS,ALAJUELA,UPALA,DOS RIOS,3.493975904,14.65608223,14.55854728,53.03030303,34.4082655,14.14141414,8.838383838,22.97979798,4.032828283,6.102970297,93.74201788,2.684855419,38.4,1
2137,ALAJUELAUPALAYOLILLAL,ALAJUELA,UPALA,YOLILLAL,2.696629213,22.40585207,24.42563482,49.31846344,32.10399033,16.85254027,10.65675341,27.50929368,4.09913259,5.831192661,89.50695322,3.109322178,41,1
2141,ALAJUELALOS CHILESLOS CHILES,ALAJUELA,LOS CHILES,LOS CHILES,4.871259569,24.74576904,31.52616498,52.692651,33.20766099,20.11306159,8.687890509,28.8009521,3.940493901,6.407524932,72.81910009,3.208654527,43.4,1
2142,ALAJUELALOS CHILESCAÑO NEGRO,ALAJUELA,LOS CHILES,CAÑO NEGRO,0.359066427,6.056545625,9.67920354,45.10556622,28.15265487,17.27447217,12.47600768,29.75047985,3.47024952,6.107491857,83.73015873,1.801139609,47.6,2
2143,ALAJUELALOS CHILESEL AMPARO,ALAJUELA,LOS CHILES,EL AMPARO,2.36018471,19.28858844,8.144192256,48.54614412,31.0246996,13.21112516,9.355246523,22.56637168,3.780025284,6.042402827,80.90322581,2.959513649,38.7,1
2144,ALAJUELALOS CHILESSAN JORGE,ALAJUELA,LOS CHILES,SAN JORGE,4.238258877,12.50467814,0,44.29160935,28.73176207,9.766162311,11.27922971,21.04539202,3.676753783,6.178970917,78.85154062,2.526102825,40.9,1
2151,ALAJUELAGUATUSOSAN RAFAEL,ALAJUELA,GUATUSO,SAN RAFAEL,3.886110042,26.11312068,28.85027075,34.78841871,30.10955799,18.88641425,8.775055679,27.66146993,3.525612472,7.044159544,96.633303,3.262437896,45.3,1
2152,ALAJUELAGUATUSOBUENAVISTA,ALAJUELA,GUATUSO,BUENAVISTA,1.476793249,10.01273074,0,42.04793028,27.7813096,14.37908497,11.11111111,25.49019608,3.424836601,6.544626594,90.625,2.303857357,45,1
2153,ALAJUELAGUATUSOCOTE,ALAJUELA,GUATUSO,COTE,2.281368821,4.718624143,0,47.48201439,25.49019608,14.02877698,9.712230216,23.74100719,3.118705036,5.647058824,86.95652174,1.551517262,37.4,1
2154,ALAJUELAGUATUSOKATIRA,ALAJUELA,GUATUSO,KATIRA,1.913043478,45.21961545,7.19719134,38.34983498,29.00331578,16.23762376,10.3630363,26.60066007,3.38349835,6.317693612,96.57027572,3.811530963,44.3,1
3011,CARTAGOCARTAGOORIENTAL,CARTAGO,CARTAGO,ORIENTAL,3.117085525,5116.317992,100,9.419724174,14.94111874,32.18839448,15.35258912,47.54098361,3.110590684,11.23769885,100,8.540190317,79.9,4
3012,CARTAGOCARTAGOOCCIDENTAL,CARTAGO,CARTAGO,OCCIDENTAL,2.574712644,4975.376884,100,10.72916667,15.53378447,29.86111111,10.38194444,40.24305556,3.388541667,11.41059303,99.96477633,8.512256402,70.5,3
3013,CARTAGOCARTAGOCARMEN,CARTAGO,CARTAGO,CARMEN,3.036876356,4129.146919,100,21.44957983,21.22812052,24.24369748,8.382352941,32.62605042,3.651260504,9.451717342,98.1425486,8.325826107,68.4,3
3014,CARTAGOCARTAGOSAN NICOLAS,CARTAGO,CARTAGO,SAN NICOLAS,3.771562226,919.1640099,100,24.13995023,25.41621705,23.59830186,7.949055775,31.54735763,3.789049919,8.4490161,99.44352534,6.823464572,66.6,3
3015,CARTAGOCARTAGOAGUACALIENTE O SAN FRANCISCO,CARTAGO,CARTAGO,AGUACALIENTE O SAN FRANCISCO,4.107376356,305.2232357,96.1716317,17.19540797,25.0841486,23.42920627,5.740032095,29.16923837,3.869645723,8.871579119,99.05467552,5.721043429,64.6,3
3016,CARTAGOCARTAGOGUADALUPE O ARENILLA,CARTAGO,CARTAGO,GUADALUPE O ARENILLA,3.223662346,1104.07855,98.5155288,16.95262484,22.97851963,22.74007682,8.117797695,30.85787452,3.721638924,9.429726475,98.8372093,7.006766375,73.7,3
3017,CARTAGOCARTAGOCORRALILLO,CARTAGO,CARTAGO,CORRALILLO,2.332291416,321.7588395,18.42772612,22.07392197,22.88907674,17.62491444,9.069130732,26.69404517,3.636550308,7.701668302,94.43082312,5.773802319,63.9,3
3018,CARTAGOCARTAGOTIERRA BLANCA,CARTAGO,CARTAGO,TIERRA BLANCA,1.179487179,398.9835809,88.47736626,23.07692308,25.6515775,13.63636364,4.632867133,18.26923077,4.458916084,7.258147957,100,5.988920265,67.6,3
3019,CARTAGOCARTAGODULCE NOMBRE,CARTAGO,CARTAGO,DULCE NOMBRE,2.888247056,269.4252874,93.58172165,12.34156104,24.5544179,21.01400934,9.139426284,30.15343562,3.494996664,9.60630303,98.88888889,5.596291125,74.5,3
3021,CARTAGOPARAISOPARAISO,CARTAGO,PARAISO,PARAISO,3.553122088,749.6724891,88.58793262,17.62596378,21.92126596,20.60247445,6.490944952,27.0934194,3.666845975,8.889578768,99.5618839,6.61963643,74.3,3
3022,CARTAGOPARAISOSANTIAGO,CARTAGO,PARAISO,SANTIAGO,2.63662512,218.3898974,8.420672208,31.73406443,27.50271052,17.68334476,7.676490747,25.3598355,3.79300891,6.861553785,97.09837226,5.386281985,55.2,2
3023,CARTAGOPARAISOOROSI,CARTAGO,PARAISO,OROSI,2.961135102,28.80882913,63.72743285,28.0790248,24.47159841,20.51282051,7.187894073,27.70071459,3.817990752,7.052128584,94.88926746,3.360681907,61.8,2
3024,CARTAGOPARAISOCACHI,CARTAGO,PARAISO,CACHI,3.701850925,147.8923035,53.65943362,25.57976107,23.77712394,18.27125791,8.151791989,26.42304989,3.821503865,6.968689788,94.16846652,4.99648433,66.7,3
3025,CARTAGOPARAISOLLANOS DE SANTA LUCIA,CARTAGO,PARAISO,LLANOS DE SANTA LUCIA,4.542606516,2440.857143,99.40887276,25.22416234,28.50872059,25.50731477,4.530438886,30.03775366,4.028551203,7.642515063,99.89994997,7.800104545,63.9,3
3031,CARTAGOLA UNIONTRES RIOS,CARTAGO,LA UNION,TRES RIOS,2.670964771,3904.1841,100,10.19345238,16.64344658,30.76636905,9.821428571,40.58779762,3.468005952,10.36909047,99.84773506,8.269804103,77.2,4
3032,CARTAGOLA UNIONSAN DIEGO,CARTAGO,LA UNION,SAN DIEGO,3.919771941,2470.857143,96.20259019,17.98609934,24.80111008,24.37701305,7.594507544,31.9715206,3.659603323,9.179463134,97.90076336,7.812320391,66.8,3
3033,CARTAGOLA UNIONSAN JUAN,CARTAGO,LA UNION,SAN JUAN,2.669696109,3834.916201,100,5.659494855,22.07007065,23.40972872,9.073900842,32.48362956,3.202759588,12.19039301,99.95275219,8.251902862,81.2,4
3034,CARTAGOLA UNIONSAN RAFAEL,CARTAGO,LA UNION,SAN RAFAEL,3.706111834,1611.651584,89.6750193,18.35245047,25.61240963,22.00208551,6.465067779,28.46715328,3.713764338,9.312184571,98.74800213,7.385014761,67.3,3
3035,CARTAGOLA UNIONCONCEPCION,CARTAGO,LA UNION,CONCEPCION,3.595352016,4487.771739,100,18.3744811,25.06206479,22.35088486,6.969630763,29.32051562,3.601048722,8.899285048,99.77543229,8.409111586,71.6,3
3036,CARTAGOLA UNIONDULCE NOMBRE,CARTAGO,LA UNION,DULCE NOMBRE,3.846153846,945.2694611,97.4407703,24.2394015,28.24021285,24.48877805,7.2319202,31.72069825,3.891770574,7.966858302,99.68701095,6.851470031,59.2,2
3037,CARTAGOLA UNIONSAN RAMON,CARTAGO,LA UNION,SAN RAMON,1.732539253,972.1822542,100,12.32269504,20.84361125,24.37943262,7.978723404,32.35815603,3.463652482,10.59189665,99.10313901,6.879543291,71.2,3
3038,CARTAGOLA UNIONRIO AZUL,CARTAGO,LA UNION,RIO AZUL,3.665254237,2368.836292,95.82847627,38.14791403,29.66694421,22.53476612,6.890012642,29.42477876,3.795195954,7.109690913,95.9563543,7.770154098,60.5,2
3041,CARTAGOJIMENEZJUAN VIÑAS,CARTAGO,JIMENEZ,JUAN VIÑAS,2.319288751,159.1063623,70.52808303,22.89287656,21.58119658,22.18597064,10.82109842,33.00706906,3.554649266,7.696078431,97.7827051,5.069572924,63,3
3042,CARTAGOJIMENEZTUCURRIQUE,CARTAGO,JIMENEZ,TUCURRIQUE,3.48763475,135.0706959,47.72167488,28.70239774,27.15517241,19.60507757,8.251057828,27.8561354,3.435825106,7.091367713,93.40101523,4.905798315,55.2,2
3043,CARTAGOJIMENEZPEJIBAYE,CARTAGO,JIMENEZ,PEJIBAYE,2.74473925,15.51295535,23.57473035,23.93162393,23.38983051,18.91025641,8.547008547,27.45726496,3.466880342,7.136690647,94.51612903,2.741675504,54.2,2
3051,CARTAGOTURRIALBATURRIALBA,CARTAGO,TURRIALBA,TURRIALBA,2.737613264,470.5467372,74.36281859,16.94671147,21.42803598,25.96015362,8.821411426,34.78156505,3.191790687,9.305601318,98.16983895,6.153895289,62.8,3
3052,CARTAGOTURRIALBALA SUIZA,CARTAGO,TURRIALBA,LA SUIZA,4.232804233,47.49687109,65.83662714,26.07348384,23.14888011,20.71713147,8.720672864,29.43780434,3.359008411,7.468307485,94.84767025,3.860663837,55.9,2
3053,CARTAGOTURRIALBAPERALTA,CARTAGO,TURRIALBA,PERALTA,2.272727273,51.87817259,0,42.30769231,25.04892368,11.53846154,16.02564103,27.56410256,3.275641026,5.614457831,84.41558442,3.948898135,40.3,1
3054,CARTAGOTURRIALBASANTA CRUZ,CARTAGO,TURRIALBA,SANTA CRUZ,2.43902439,25.18053375,0,41.37214137,24.00249377,15.8004158,11.33056133,27.13097713,3.334719335,7.204737733,72.87066246,3.226071226,45.4,1
3055,CARTAGOTURRIALBASANTA TERESITA,CARTAGO,TURRIALBA,SANTA TERESITA,2.783300199,89.72952525,7.967959528,32.53751705,24.76812816,16.98499318,10.70941337,27.69440655,3.236016371,6.435072142,91.8788713,4.49679987,51.6,2
3056,CARTAGOTURRIALBAPAVONES,CARTAGO,TURRIALBA,PAVONES,3.465982028,105.7889595,63.08012006,30.81712062,23.71276841,18.59922179,9.571984436,28.17120623,3.370428016,6.965018094,94.42675159,4.661446161,53.4,2
3057,CARTAGOTURRIALBATUIS,CARTAGO,TURRIALBA,TUIS,3.201707577,75.53248136,37.50440606,28.3446712,24.00422982,17.34693878,8.503401361,25.85034014,3.213151927,7.04193849,89.15801615,4.32456278,44.3,1
3058,CARTAGOTURRIALBATAYUTIC,CARTAGO,TURRIALBA,TAYUTIC,2.331606218,21.30867965,47.76748104,31.62393162,27.21145746,15.0997151,10.82621083,25.92592593,3.381766382,7.035502959,85.05079826,3.059114485,43.4,1
3059,CARTAGOTURRIALBASANTA ROSA,CARTAGO,TURRIALBA,SANTA ROSA,2.399183257,230.8914387,74.617737,14.29463171,22.19036697,21.78526841,8.177278402,29.96254682,3.25031211,8.211221122,98.35651075,5.441947638,59.6,2
3061,CARTAGOALVARADOPACAYAS,CARTAGO,ALVARADO,PACAYAS,1.521252796,195.620438,59.34612651,28.2729805,24.89339019,14.62395543,7.242339833,21.86629526,3.913649025,7.188696871,97.45639535,5.276176241,62.4,3
3062,CARTAGOALVARADOCERVANTES,CARTAGO,ALVARADO,CERVANTES,1.722723544,404.5454545,68.47512039,22.37977805,26.01926164,19.54377312,7.336621455,26.88039457,3.82675709,7.219533276,99.55835962,6.002764102,68.5,3
3063,CARTAGOALVARADOCAPELLADES,CARTAGO,ALVARADO,CAPELLADES,1,66.52209271,55.01222494,26.47503782,24.20537897,14.06959153,9.077155825,23.14674735,3.709531014,7.339499456,95.85253456,4.197534114,70,3
3071,CARTAGOOREAMUNOSAN RAFAEL,CARTAGO,OREAMUNO,SAN RAFAEL,3.477112676,2703.174603,96.82545508,17.69655172,23.32648268,23.17241379,7.144827586,30.31724138,3.748965517,9.285544807,97.81782345,7.90218214,67.6,3
3072,CARTAGOOREAMUNOCOT,CARTAGO,OREAMUNO,COT,2.260525572,639.4422311,82.65835929,29.52865065,28.83696781,21.25693161,6.561922366,27.81885397,4.442236599,7.137970031,99.23627685,6.460596282,65.5,3
3073,CARTAGOOREAMUNOPOTRERO CERRADO,CARTAGO,OREAMUNO,POTRERO CERRADO,0.806451613,121.8482906,64.31389741,32.49551167,26.69881631,14.90125673,5.385996409,20.28725314,4.095152603,6.941457587,86.79245283,4.802776751,53.3,2
3074,CARTAGOOREAMUNOCIPRESES,CARTAGO,OREAMUNO,CIPRESES,1.503267974,425.2873563,57.35135135,23.54874042,26.10810811,13.25301205,7.557502738,20.81051479,4.052573932,7.341010401,99.88839286,6.052765073,63.3,3
3075,CARTAGOOREAMUNOSANTA ROSA,CARTAGO,OREAMUNO,SANTA ROSA,0.458295142,17.4557596,70.31369549,31.2,25.05738332,13.44,8.96,22.4,4.1824,6.604963806,92.10526316,2.859669657,52.7,2
3081,CARTAGOEL GUARCOEL TEJAR,CARTAGO,EL GUARCO,EL TEJAR,3.192279139,4122.772277,99.07540826,14.56963539,24.04739033,21.06993425,6.90376569,27.97369994,3.691870891,9.566948887,99.54572986,8.324281099,73.1,3
3082,CARTAGOEL GUARCOSAN ISIDRO,CARTAGO,EL GUARCO,SAN ISIDRO,3.712480253,75.78655151,57.46845747,34.1796875,26.51607652,15.9375,9.53125,25.46875,3.831640625,7.016756603,83.82120253,4.327920856,57,2
3083,CARTAGOEL GUARCOTOBOSI,CARTAGO,EL GUARCO,TOBOSI,3.075079872,311.032197,94.91551225,24.32098765,27.23397777,18.20987654,6.172839506,24.38271605,4.049382716,7.256807708,98.36065574,5.739896434,59.8,2
3084,CARTAGOEL GUARCOPATIO DE AGUA,CARTAGO,EL GUARCO,PATIO DE AGUA,8.620689655,38.04247461,0,30.17241379,23.78640777,10.34482759,13.79310345,24.13793103,3.517241379,5.831168831,100,3.638703288,55.8,2
4011,HEREDIAHEREDIAHEREDIA,HEREDIA,HEREDIA,HEREDIA,2.991154562,6606.713781,100,9.96162456,14.04503396,34.52190598,13.68724017,48.20914615,2.944835305,11.41374185,99.98358233,8.795841651,76.1,3
4012,HEREDIAHEREDIAMERCEDES,HEREDIA,HEREDIA,MERCEDES,2.87454324,6173.621103,100,8.254415152,20.2493785,24.72485283,8.446378295,33.17123112,3.292679805,11.31978022,99.80361351,8.728040833,81.1,4
4013,HEREDIAHEREDIASAN FRANCISCO,HEREDIA,HEREDIA,SAN FRANCISCO,3.432017047,7688.90625,100,18.33150384,24.02812494,26.59348701,6.856933772,33.45042078,3.600219539,9.776278303,99.78728253,8.947533822,66.6,3
4014,HEREDIAHEREDIAULLOA,HEREDIA,HEREDIA,ULLOA,3.208245627,2527.288428,100,13.77666547,23.54951138,24.4666905,7.412704088,31.87939459,3.4855202,10.09568084,98.6198398,7.834902239,70.6,3
4015,HEREDIAHEREDIAVARABLANCA,HEREDIA,HEREDIA,VARABLANCA,0.923076923,2.717180343,48.42857143,53.48837209,24.71428571,12.09302326,11.1627907,23.25581395,3.255813953,6.304166667,74.64114833,0.999594704,50.6,2
4021,HEREDIABARVABARVA,HEREDIA,BARVA,BARVA,1.401664477,7931.746032,100,11.53068105,18.69121473,27.24207687,8.293998651,35.53607552,3.369521241,11.18008376,99.93065187,8.978628471,76.5,3
4022,HEREDIABARVASAN PEDRO,HEREDIA,BARVA,SAN PEDRO,2.807101727,1324.266667,96.79822795,20.81676906,23.58034636,21.10589086,6.722081677,27.82797253,3.589447055,9.086923077,99.66542751,7.188614126,69.6,3
4023,HEREDIABARVASAN PABLO,HEREDIA,BARVA,SAN PABLO,2.597757725,1221.585903,80.92318788,14.13612565,22.95949032,22.81849913,6.413612565,29.23211169,3.62478185,9.774698795,99.46332737,7.107905214,72.2,3
4024,HEREDIABARVASAN ROQUE,HEREDIA,BARVA,SAN ROQUE,1.907356948,3984.482759,100,7.602339181,22.13327564,18.49415205,7.01754386,25.51169591,3.377192982,11.28794403,99.77794226,8.290162786,69,3
4025,HEREDIABARVASANTA LUCIA,HEREDIA,BARVA,SANTA LUCIA,2.257142857,2487.583893,100,9.705611776,20.9631728,21.43514259,8.233670653,29.66881325,3.408463661,11.41634115,99.85987856,7.819067194,78.4,4
4026,HEREDIABARVASAN JOSE DE LA MONTAÑA,HEREDIA,BARVA,SAN JOSE DE LA MONTAÑA,2.71270037,154.8675115,67.60275246,19.67324711,24.58620048,17.42682097,6.875425459,24.30224643,3.57930565,9.140748031,94.61914745,5.042569987,64.7,3
4031,HEREDIASANTO DOMINGOSANTO DOMINGO,HEREDIA,SANTO DOMINGO,SANTO DOMINGO,3.125,6391.891892,100,16.11039795,14.79915433,33.18356868,10.71887035,43.90243902,3.018613607,11.31247186,100,8.762785574,80.7,4
4032,HEREDIASANTO DOMINGOSAN VICENTE,HEREDIA,SANTO DOMINGO,SAN VICENTE,2.517482517,2295.357143,100,9.014232999,18.84238369,25.09225092,6.852925672,31.94517659,3.387981023,11.79655544,100,7.738643728,87,4
4033,HEREDIASANTO DOMINGOSAN MIGUEL,HEREDIA,SANTO DOMINGO,SAN MIGUEL,2.469553451,1085.836177,100,14.10810811,19.84912777,21.45945946,9.675675676,31.13513514,3.435675676,9.905827866,100,6.990105639,74.7,3
4034,HEREDIASANTO DOMINGOPARACITO,HEREDIA,SANTO DOMINGO,PARACITO,2.660098522,1742.96875,100,17.00787402,22.94935007,20,9.448818898,29.4488189,3.513385827,8.884976526,100,7.463345117,68.1,3
4035,HEREDIASANTO DOMINGOSANTO TOMAS,HEREDIA,SANTO DOMINGO,SANTO TOMAS,2.700831025,1790.571429,100,10.99674973,20.00957396,22.10184182,8.72156013,30.82340195,3.394907909,11.05044626,100,7.490290082,76.4,3
4036,HEREDIASANTO DOMINGOSANTA ROSA,HEREDIA,SANTO DOMINGO,SANTA ROSA,3.713686733,1663.386728,100,17.18296225,21.68111157,25.36302033,8.664085189,34.02710552,3.517909003,9.589055065,100,7.416611001,71.3,3
4037,HEREDIASANTO DOMINGOTURES,HEREDIA,SANTO DOMINGO,TURES,3.298153034,964.2458101,100,22.86012526,23.03012746,21.08559499,8.037578288,29.12317328,3.554279749,9.283284024,100,6.871346252,70.9,3
4038,HEREDIASANTO DOMINGOPARA,HEREDIA,SANTO DOMINGO,PARA,2.53968254,1229.889299,100,14.61928934,19.7719772,22.03045685,7.817258883,29.84771574,3.383756345,9.341480949,100,7.114679444,73.4,3
4041,HEREDIASANTA BARBARASANTA BARBARA,HEREDIA,SANTA BARBARA,SANTA BARBARA,2.449133384,4607.751938,100,11.17445838,21.24831763,22.57696693,9.350057013,31.92702395,3.388825542,9.833127318,100,8.435495368,77.3,4
4042,HEREDIASANTA BARBARASAN PEDRO,HEREDIA,SANTA BARBARA,SAN PEDRO,4.458598726,2250.806452,100,22.63092269,25.22393407,21.13466334,9.413965087,30.54862843,3.479426434,8.676484561,94.3275972,7.719043854,71.2,3
4043,HEREDIASANTA BARBARASAN JUAN,HEREDIA,SANTA BARBARA,SAN JUAN,2.755220418,1729.571106,100,15.55759523,22.39624119,19.68793024,8.444240477,28.13217072,3.516291877,9.494098361,97.74859287,7.455628741,70.9,3
4044,HEREDIASANTA BARBARAJESUS,HEREDIA,SANTA BARBARA,JESUS,2.346837945,761.5384615,79.08986775,18.72404681,24.92970947,18.91279728,6.870517176,25.78331446,3.620611552,8.639411284,98.49942285,6.635340679,68.3,3
4045,HEREDIASANTA BARBARASANTO DOMINGO,HEREDIA,SANTA BARBARA,SANTO DOMINGO,1.754385965,109.7179878,41.0559222,24.05832321,24.90448072,16.76792224,6.682867558,23.45078979,3.4981774,8.297445255,91.3899139,4.697913326,61.9,2
4046,HEREDIASANTA BARBARAPURABA,HEREDIA,SANTA BARBARA,PURABA,2.390852391,742.3701299,84.45221955,19.375,22.96085721,15.546875,6.40625,21.953125,3.57265625,8.889954853,98.65506329,6.609847946,70.2,3
4051,HEREDIASAN RAFAELSAN RAFAEL,HEREDIA,SAN RAFAEL,SAN RAFAEL,2.898550725,7161.481481,100,11.55904388,20.88332644,26.18622904,9.061719586,35.24794863,3.440599358,9.977766549,99.96374184,8.876472149,75.9,3
4052,HEREDIASAN RAFAELSAN JOSECITO,HEREDIA,SAN RAFAEL,SAN JOSECITO,3.61376673,9413.821138,100,14.31566337,22.30762587,25.90595987,8.655286014,34.56124588,3.464210842,9.435738685,99.96905941,9.149934222,69.3,3
4053,HEREDIASAN RAFAELSANTIAGO,HEREDIA,SAN RAFAEL,SANTIAGO,3.329065301,5568.874172,100,13.94671107,23.04673564,25.06244796,10.11656953,35.17901749,3.49958368,10.289953,99.95730145,8.624948189,73.6,3
4054,HEREDIASAN RAFAELANGELES,HEREDIA,SAN RAFAEL,ANGELES,2.466666667,463.615768,70.6118061,14.46923597,23.20172009,18.22177147,9.634888438,27.85665991,3.450642326,9.743280583,98.632946,6.139056123,67.4,3
4055,HEREDIASAN RAFAELCONCEPCION,HEREDIA,SAN RAFAEL,CONCEPCION,2.818532819,273.3693207,76.48510778,17.80979827,25.04525259,16.59942363,8.069164265,24.6685879,3.50259366,9.786420284,98.58740436,5.610823704,70.8,3
4061,HEREDIASAN ISIDROSAN ISIDRO,HEREDIA,SAN ISIDRO,SAN ISIDRO,2.250255711,2030.89701,100,10.496614,20.17012923,22.91196388,7.279909707,30.19187359,3.433408578,9.912245712,99.88338192,7.616232851,78.3,4
4062,HEREDIASAN ISIDROSAN JOSE,HEREDIA,SAN ISIDRO,SAN JOSE,2.134502924,659.6102746,88.97542635,17.46031746,22.78769974,18.48739496,7.936507937,26.42390289,3.450046685,10.04246714,93.29501916,6.491649168,78,4
4063,HEREDIASAN ISIDROCONCEPCION,HEREDIA,SAN ISIDRO,CONCEPCION,1.879084967,326.5179678,89.18406072,17.97468354,21.29032258,22.27848101,8.35443038,30.63291139,3.334177215,9.423398329,95.62982005,5.788484979,74.6,3
4064,HEREDIASAN ISIDROSAN FRANCISCO,HEREDIA,SAN ISIDRO,SAN FRANCISCO,2.514405448,966.8845316,100,16.07000796,21.8566922,20.28639618,7.637231504,27.92362768,3.530628481,9.292,100,6.874079079,62.4,3
4071,HEREDIABELENSAN ANTONIO,HEREDIA,BELEN,SAN ANTONIO,2.084676553,2832.478632,100,13.09398099,19.51317642,21.82330165,9.644491376,31.46779303,3.498768039,9.907730061,99.70479705,7.948907449,82.6,4
4072,HEREDIABELENLA RIBERA,HEREDIA,BELEN,LA RIBERA,2.374100719,1448.441247,100,13.62335432,20.43046358,20.32054951,8.528906697,28.84945621,3.424728105,9.671774194,99.58604376,7.278243255,81.5,4
4073,HEREDIABELENLA ASUNCION,HEREDIA,BELEN,LA ASUNCION,2.979181622,1264.205817,100,10.57401813,17.51902318,22.05438066,6.586102719,28.64048338,3.406042296,11.41070024,99.9378882,7.142199391,85.9,4
4081,HEREDIAFLORESSAN JOAQUIN,HEREDIA,FLORES,SAN JOAQUIN,2.850494474,2490.625,100,10.38125861,20.298341,22.96738631,9.416628388,32.3840147,3.282039504,11.05704698,99.8124707,7.820288962,81,4
4082,HEREDIAFLORESBARRANTES,HEREDIA,FLORES,BARRANTES,1.543374135,1786.462882,100,11.51020408,20.99731117,19.34693878,7.510204082,26.85714286,3.33877551,11.45135952,97.84946237,7.4879929,91.9,4
4083,HEREDIAFLORESLLORENTE,HEREDIA,FLORES,LLORENTE,3.06122449,4901.117318,100,15.44058205,23.34435199,22.75666936,8.488278092,31.24494745,3.546079224,9.647997678,99.08675799,8.497218482,68.8,3
4091,HEREDIASAN PABLOSAN PABLO,HEREDIA,SAN PABLO,SAN PABLO,2.693640326,3776.653696,100,12.71037868,21.09004739,23.01893408,8.590462833,31.60939691,3.398492286,10.99472229,99.92801872,8.236593631,88.3,4
4092,HEREDIASAN PABLORINCON DE SABANILLA,HEREDIA,SAN PABLO,RINCON DE SABANILLA,3.141900592,3455.648536,100,8.025682183,20.02663761,25.44141252,10.03210273,35.47351525,3.284510433,11.10885714,99.87750102,8.147765428,87.5,4
4101,HEREDIASARAPIQUIPUERTO VIEJO,HEREDIA,SARAPIQUI,PUERTO VIEJO,3.823611499,47.29922902,35.21601268,51.39530586,33.51169243,17.92644613,11.03308076,28.95952689,3.692478285,6.383424408,39.79946008,3.856493996,41.7,1
4102,HEREDIASARAPIQUILA VIRGEN,HEREDIA,SARAPIQUI,LA VIRGEN,4.062585781,20.48281904,21.32877103,39.61414791,29.70249976,18.61736334,10.25723473,28.87459807,3.373311897,6.30727617,65.95814258,3.019586439,44,1
4103,HEREDIASARAPIQUILAS HORQUETAS,HEREDIA,SARAPIQUI,LAS HORQUETAS,2.802059634,42.95424052,3.974353705,29.69413764,29.36993958,18.71990937,10.37949589,29.09940527,3.435995469,7.070861546,74.98563218,3.760135375,51.1,2
4104,HEREDIASARAPIQUILLANURAS DEL GASPAR,HEREDIA,SARAPIQUI,LLANURAS DEL GASPAR,1.395348837,4.357462154,0,74.20382166,31.72413793,6.050955414,19.42675159,25.47770701,3.566878981,4.78125,9.74025974,1.471889813,18.7,1
4105,HEREDIASARAPIQUICUREÑA,HEREDIA,SARAPIQUI,CUREÑA,3.416149068,2.587684689,0,73.94636015,31.23028391,7.279693487,18.3908046,25.67049808,3.643678161,4.645833333,12.109375,0.950763533,9,1
5011,GUANACASTELIBERIALIBERIA,GUANACASTE,LIBERIA,LIBERIA,5.066640533,95.05849671,91.03630437,25.30445613,27.55235847,26.3354553,8.012731802,34.3481871,3.635137005,9.291870324,97.62495569,4.554492457,67.6,3
5012,GUANACASTELIBERIACAÑAS DULCES,GUANACASTE,LIBERIA,CAÑAS DULCES,3.614457831,13.24476155,11.51702786,31.48584906,25.94427245,17.45283019,7.900943396,25.35377358,3.808962264,7.921030756,89.47368421,2.58360212,65.1,3
5013,GUANACASTELIBERIAMAYORGA,GUANACASTE,LIBERIA,MAYORGA,5.104408353,7.054308025,30.08130081,38.66348449,29.76860538,16.9451074,6.443914081,23.38902148,3.792362768,7.472789116,74.81108312,1.953638498,50.7,2
5014,GUANACASTELIBERIANACASCOLO,GUANACASTE,LIBERIA,NACASCOLO,3.944020356,6.950582563,68.3414851,34.44639719,30.14673188,22.67135325,8.435852373,31.10720562,3.938488576,8.296116505,82.38434164,1.938825478,56.5,2
5015,GUANACASTELIBERIACURUBANDE,GUANACASTE,LIBERIA,CURUBANDE,2.125398512,31.27862359,25.68262762,32.51445087,27.97783934,19.21965318,7.369942197,26.58959538,3.64017341,7.786096257,92.31905465,3.442934912,52.7,2
5021,GUANACASTENICOYANICOYA,GUANACASTE,NICOYA,NICOYA,4.043157297,79.82833998,64.9216768,26.50258363,23.82716547,26.33940713,9.287462605,35.62686973,3.375169976,9.315183352,91.10134578,4.379878579,56.7,2
5022,GUANACASTENICOYAMANSION,GUANACASTE,NICOYA,MANSION,2.662889518,27.00902348,18.38376771,28.40375587,23.98110897,23.29812207,9.5657277,32.86384977,3.355046948,8.429401251,83.16597755,3.296171013,57.2,2
5023,GUANACASTENICOYASAN ANTONIO,GUANACASTE,NICOYA,SAN ANTONIO,3.84397965,19.64100896,35.30563083,33.3819242,20.41553749,24.00388727,14.04275996,38.04664723,3.226919339,7.782788425,92.38653001,2.977619674,44.7,1
5024,GUANACASTENICOYAQUEBRADA HONDA,GUANACASTE,NICOYA,QUEBRADA HONDA,4.305555556,23.59487515,0,29.22077922,21.60126833,23.37662338,10.77922078,34.15584416,3.276623377,8.263467189,94.24836601,3.161029534,50,2
5025,GUANACASTENICOYASAMARA,GUANACASTE,NICOYA,SAMARA,2.615384615,32.07013058,31.69134396,33.27102804,25.62642369,16.26168224,11.68224299,27.94392523,3.279439252,7.944488501,89.55785513,3.467925085,46.2,1
5026,GUANACASTENICOYANOSARA,GUANACASTE,NICOYA,NOSARA,2.979613173,36.40675956,35.99348534,37.99454297,28.42019544,16.37107776,10.57298772,26.94406548,3.349931787,7.471741638,76.34112792,3.59475446,56,2
5027,GUANACASTENICOYABELEN DE NOSARITA,GUANACASTE,NICOYA,BELEN DE NOSARITA,3.089430894,22.12520593,0,48.91598916,26.61950856,17.75067751,7.723577236,25.47425474,3.639566396,7.263473054,71.72131148,3.096717498,41.7,1
5031,GUANACASTESANTA CRUZSANTA CRUZ,GUANACASTE,SANTA CRUZ,SANTA CRUZ,3.736768269,79.18259335,60.82900111,24.51991747,24.4012254,27.09093795,10.14124742,37.23218537,3.412950325,9.850985949,93.3572711,4.371756494,67.1,3
5032,GUANACASTESANTA CRUZBOLSON,GUANACASTE,SANTA CRUZ,BOLSON,3.719912473,53.50213745,43.20835894,38.23529412,22.31100184,19.95798319,13.65546218,33.61344538,3.418067227,7.569051581,86.19957537,3.979721605,64.2,3
5033,GUANACASTESANTA CRUZVEINTISIETE DE ABRIL,GUANACASTE,SANTA CRUZ,VEINTISIETE DE ABRIL,5.95567867,23.44254116,8.754256527,36.47597254,24.84392736,19.95423341,10.06864989,30.0228833,3.225171625,7.844293273,79.31671283,3.15455237,55.6,2
5034,GUANACASTESANTA CRUZTEMPATE,GUANACASTE,SANTA CRUZ,TEMPATE,4.455205811,39.98295576,51.3321492,29.85074627,25.27531083,17.8551686,14.59369818,32.44886678,3.109452736,8.600095557,86.97361033,3.688453257,58,2
5035,GUANACASTESANTA CRUZCARTAGENA,GUANACASTE,SANTA CRUZ,CARTAGENA,4.061738424,51.03429868,69.53451883,23.56115108,23.11715481,24.46043165,12.67985612,37.14028777,3.438848921,9.228610541,91.59891599,3.93249793,75.3,3
5036,GUANACASTESANTA CRUZCUAJINIQUIL,GUANACASTE,SANTA CRUZ,CUAJINIQUIL,2.154398564,7.680089293,0,41.40350877,26.94242594,13.50877193,13.68421053,27.19298246,3.138596491,6.970540098,45.84070796,2.038631174,47.8,2
5037,GUANACASTESANTA CRUZDIRIA,GUANACASTE,SANTA CRUZ,DIRIA,5.680119581,61.20689655,55.39052497,29.3877551,22.56081946,30.93877551,11.26530612,42.20408163,3.187755102,9.395261845,91.38638228,4.114259872,66.5,3
5038,GUANACASTESANTA CRUZCABO VELAS,GUANACASTE,SANTA CRUZ,CABO VELAS,5.83573487,45.97921225,35.93099346,26.02620087,23.55740631,16.50655022,13.44978166,29.95633188,2.936244541,8.806651199,85.71428571,3.828189387,58.4,2
5039,GUANACASTESANTA CRUZTAMARINDO,GUANACASTE,SANTA CRUZ,TAMARINDO,4.694323144,51.60689711,49.22352941,22.17473884,25.27058824,18.66096866,13.77018044,32.4311491,3.022317189,9.110455312,95.71084337,3.943655328,58.2,2
5041,GUANACASTEBAGACESBAGACES,GUANACASTE,BAGACES,BAGACES,4.544338,13.94690545,50.73987224,35.21324355,29.09355543,22.36251403,9.988776655,32.35129068,3.469977553,7.61442504,85.27241771,2.635257652,57.1,2
5042,GUANACASTEBAGACESLA FORTUNA,GUANACASTE,BAGACES,LA FORTUNA,1.954397394,17.297433,46.77068215,30.71161049,25.25399129,21.97253433,7.990012484,29.96254682,3.429463171,7.999046711,93.85964912,2.850558109,48.4,2
5043,GUANACASTEBAGACESMOGOTE,GUANACASTE,BAGACES,MOGOTE,2.733686067,18.41335212,45.79164214,31.93877551,28.57563273,15,8.265306122,23.26530612,3.467346939,7.90984975,90.98445596,2.91307606,56.3,2
5044,GUANACASTEBAGACESRIO NARANJO,GUANACASTE,BAGACES,RIO NARANJO,4.113924051,23.65967366,0,33.23170732,23.05418719,21.03658537,10.97560976,32.01219512,3.091463415,6.827160494,98.17073171,3.163772066,53.2,2
5051,GUANACASTECARRILLOFILADELFIA,GUANACASTE,CARRILLO,FILADELFIA,7.565392354,63.61891049,63.61121589,31.63074039,25.02200428,23.71134021,9.46579194,33.17713215,3.725866917,8.665103818,90.5151661,4.152910761,73.2,3
5052,GUANACASTECARRILLOPALMIRA,GUANACASTE,CARRILLO,PALMIRA,5.514705882,145.708905,83.2717873,26.34560907,27.78803545,20.18413598,9.277620397,29.46175637,3.835694051,8.331695332,97.45639535,4.98161083,68.3,3
5053,GUANACASTECARRILLOSARDINAL,GUANACASTE,CARRILLO,SARDINAL,4.87042823,62.01705136,58.22156652,29.98415931,26.77709227,18.98619597,11.6089613,30.59515728,3.366598778,8.815287803,90.39170507,4.127409369,67,3
5054,GUANACASTECARRILLOBELEN,GUANACASTE,CARRILLO,BELEN,5.539772727,50.54599508,55.28786336,32.89915966,27.54213324,22.5210084,9.285714286,31.80672269,3.705882353,8.325046041,92.50425894,3.922883715,61.9,2
5061,GUANACASTECAÑASCAÑAS,GUANACASTE,CAÑAS,CAÑAS,3.127474268,107.7321188,87.28382014,25.4354199,27.71906226,24.93533368,7.622003794,32.55733747,3.580789791,8.32568515,94.40127164,4.679647764,62.8,3
5062,GUANACASTECAÑASPALMIRA,GUANACASTE,CAÑAS,PALMIRA,2.272727273,4.823983204,37.44939271,44,28.03643725,12.66666667,9.333333333,22,3.293333333,5.916666667,77.59197324,1.573599978,46.3,1
5063,GUANACASTECAÑASSAN MIGUEL,GUANACASTE,CAÑAS,SAN MIGUEL,3.827751196,13.64088948,27.12895377,32.24489796,23.84428224,15.71428571,10.40816327,26.12244898,3.355102041,7.055646481,78.60082305,2.613071861,44.6,1
5064,GUANACASTECAÑASBEBEDERO,GUANACASTE,CAÑAS,BEBEDERO,4.20624152,35.94342877,94.24184261,41.21621622,26.77543186,17.90540541,9.966216216,27.87162162,3.508445946,6.700416089,97.95158287,3.581946279,50.9,2
5065,GUANACASTECAÑASPOROZAL,GUANACASTE,CAÑAS,POROZAL,2.620087336,6.331030567,0,35.07853403,26.60687593,13.61256545,12.56544503,26.17801047,3.497382199,6.663755459,78.72340426,1.84546303,42.8,1
5071,GUANACASTEABANGARESLAS JUNTAS,GUANACASTE,ABANGARES,LAS JUNTAS,4.468599034,41.34292566,41.41531323,29.88787666,25.69078254,22.88016819,10.23125438,33.11142256,3.316047652,7.879877369,91.61634103,3.721901322,49.5,2
5072,GUANACASTEABANGARESSIERRA,GUANACASTE,ABANGARES,SIERRA,3.198294243,16.61836432,0,41.21715076,25.90387069,17.70401107,8.022130014,25.72614108,3.251728907,6.852023121,82.0979021,2.810508368,47.7,2
5073,GUANACASTEABANGARESSAN JUAN,GUANACASTE,ABANGARES,SAN JUAN,4.868913858,14.51864065,16.59305994,50.59055118,24.79495268,17.71653543,10.23622047,27.95275591,3.12007874,6.396226415,76.4,2.675433386,51.9,2
5074,GUANACASTEABANGARESCOLORADO,GUANACASTE,ABANGARES,COLORADO,6.555183946,23.60422945,27.82947414,30.58103976,27.65635144,19.26605505,9.709480122,28.97553517,3.529816514,7.242568371,92.97423888,3.16142591,64.8,3
5081,GUANACASTETILARANTILARAN,GUANACASTE,TILARAN,TILARAN,2.943882245,62.52341836,80.91506281,19.39120631,25.61945373,23.37467118,7.628711011,31.00338219,3.256294626,8.821616872,95.76820435,4.13554118,73.6,3
5082,GUANACASTETILARANQUEBRADA GRANDE,GUANACASTE,TILARAN,QUEBRADA GRANDE,2.24609375,35.51696922,12.33333333,35.52311436,24.92592593,15.45012165,9.489051095,24.93917275,3.284671533,6.635188867,86.64215686,3.570010588,51.3,2
5083,GUANACASTETILARANTRONADORA,GUANACASTE,TILARAN,TRONADORA,1.791530945,14.68062485,16.4902507,27.53108348,24.28969359,17.40674956,9.058614565,26.46536412,3.188277087,7.400900901,93.5483871,2.686528587,50.2,2
5084,GUANACASTETILARANSANTA ROSA,GUANACASTE,TILARAN,SANTA ROSA,4.011887073,27.35198987,48.84318766,31.84931507,24.47300771,13.18493151,7.534246575,20.71917808,3.270547945,7.584379358,88.75432526,3.308789282,55.2,2
5085,GUANACASTETILARANLIBANO,GUANACASTE,TILARAN,LIBANO,2.356902357,12.14375965,0,49.61832061,22.19653179,11.06870229,8.778625954,19.84732824,3.301526718,5.736507937,68.46153846,2.496815429,55.1,2
5086,GUANACASTETILARANTIERRAS MORENAS,GUANACASTE,TILARAN,TIERRAS MORENAS,3.636363636,16.27126767,31.14874816,33.63431151,24.81590574,15.1241535,11.51241535,26.63656885,3.063205418,6.44950495,93.8215103,2.789400833,60.4,2
5087,GUANACASTETILARANARENAL,GUANACASTE,TILARAN,ARENAL,2.857142857,30.45550847,40.52173913,24.01055409,26,20.58047493,10.55408971,31.13456464,3.034300792,7.768235294,90.08042895,3.41626688,57,2
5091,GUANACASTENANDAYURECARMONA,GUANACASTE,NANDAYURE,CARMONA,2.452619844,72.7113191,53.21802092,19.97354497,23.20997586,23.54497354,11.11111111,34.65608466,3.247354497,8.681407035,96.24664879,4.286497068,67.6,3
5092,GUANACASTENANDAYURESANTA RITA,GUANACASTE,NANDAYURE,SANTA RITA,8.510638298,28.86803753,9.266943292,32.42630385,25.10373444,25.85034014,12.47165533,38.32199546,3.278911565,7.240143369,87.44292237,3.362735015,56.5,2
5093,GUANACASTENANDAYUREZAPOTAL,GUANACASTE,NANDAYURE,ZAPOTAL,4.11311054,11.73572877,0,53.99449036,23.78600823,17.3553719,15.15151515,32.50688705,3.347107438,6.929061785,58.28729282,2.46263793,50.9,2
5094,GUANACASTENANDAYURESAN PABLO,GUANACASTE,NANDAYURE,SAN PABLO,6.885245902,28.99369417,33.98278206,32.20088626,26.68781151,21.56573117,11.816839,33.38257016,3.259970458,7.369863014,88.2615156,3.367078364,51.2,2
5095,GUANACASTENANDAYUREPORVENIR,GUANACASTE,NANDAYURE,PORVENIR,2.745098039,18.72157655,0,46.36363636,20.10796221,11.81818182,7.727272727,19.54545455,3.368181818,6.677655678,65.90909091,2.929676685,53.6,2
5096,GUANACASTENANDAYUREBEJUCO,GUANACASTE,NANDAYURE,BEJUCO,3.766105055,11.5460928,3.205551884,41.34396355,25.44613351,12.41457859,10.25056948,22.66514806,3.444191344,6.830712303,71.65898618,2.446347094,47,1
5101,GUANACASTELA CRUZLA CRUZ,GUANACASTE,LA CRUZ,LA CRUZ,4.131147541,26.55825776,52.43066884,36.72363485,30.05981512,23.59316382,6.461025427,30.05418925,3.831596499,7.863424578,89.60650128,3.279340726,60.3,2
5102,GUANACASTELA CRUZSANTA CECILIA,GUANACASTE,LA CRUZ,SANTA CECILIA,3.169398907,24.28593604,11.80888463,54.8828125,33.94055609,15.234375,7.356770833,22.59114583,4.072916667,5.839143426,78.14171123,3.189897419,36,1
5103,GUANACASTELA CRUZLA GARITA,GUANACASTE,LA CRUZ,LA GARITA,3.340757238,6.190179325,33.23459716,47.74346793,33.88625592,16.62707838,8.313539192,24.94061758,4.007125891,5.581521739,69.49152542,1.822964056,39.4,1
5104,GUANACASTELA CRUZSANTA ELENA,GUANACASTE,LA CRUZ,SANTA ELENA,2.764227642,4.021209911,49.21568627,47.02495202,30.14705882,17.85028791,6.142034549,23.99232246,3.915547025,6.322443182,93.40206186,1.39158283,54.1,2
5111,GUANACASTEHOJANCHAHOJANCHA,GUANACASTE,HOJANCHA,HOJANCHA,1.704158146,53.32244693,32.90930506,24.50331126,23.22732627,21.68874172,8.526490066,30.21523179,3.514072848,8.354407295,79.81651376,3.976357386,67,3
5112,GUANACASTEHOJANCHAMONTE ROMO,GUANACASTE,HOJANCHA,MONTE ROMO,5.429864253,8.964595858,52.0119225,47.34042553,23.54694486,13.29787234,11.70212766,25,3.569148936,7.095041322,70.21276596,2.193283026,55.8,2
5113,GUANACASTEHOJANCHAPUERTO CARRILLO,GUANACASTE,HOJANCHA,PUERTO CARRILLO,2.97029703,20.84768212,0,35.49107143,23.69758577,16.51785714,11.83035714,28.34821429,3.513392857,7.42582897,74.54954955,3.037242773,60.5,2
5114,GUANACASTEHOJANCHAHUACAS,GUANACASTE,HOJANCHA,HUACAS,0.448430493,22.47298156,0,31.97969543,22.4893918,17.25888325,6.091370558,23.35025381,3.588832487,6.823076923,86.29441624,3.112313768,62.5,3
6011,PUNTARENASPUNTARENASPUNTARENAS,PUNTARENAS,PUNTARENAS,PUNTARENAS,3.39591386,233.9320797,96.73665267,17.70456191,18.40431914,28.09558291,14.62708182,42.72266474,3.009413469,10.18748246,95.78136464,5.455030816,62.4,3
6012,PUNTARENASPUNTARENASPITAHAYA,PUNTARENAS,PUNTARENAS,PITAHAYA,2.812939522,19.08502374,29.57937585,52.49597424,31.47896879,16.90821256,11.75523349,28.66344605,3.542673108,6.028610354,82.59441708,2.94890393,51.2,2
6013,PUNTARENASPUNTARENASCHOMES,PUNTARENAS,PUNTARENAS,CHOMES,4.32748538,43.27586207,22.9445853,38.87873248,28.6490402,17.85496648,10.48141377,28.33638026,3.363802559,6.981298701,94.96268657,3.767595022,39.5,1
6014,PUNTARENASPUNTARENASLEPANTO,PUNTARENAS,PUNTARENAS,LEPANTO,3.765264586,22.59905817,27.5310461,33.81169058,24.54220164,19.5659783,11.16555828,30.73153658,3.313965698,7.322390572,88.94058697,3.117908232,51.8,2
6015,PUNTARENASPUNTARENASPAQUERA,PUNTARENAS,PUNTARENAS,PAQUERA,2.754435107,19.78809045,30.16751421,31.57375432,27.0864493,18.74691663,11.34681796,30.09373458,3.297483966,7.409412745,86.04187438,2.985080264,47.6,2
6016,PUNTARENASPUNTARENASMANZANILLO,PUNTARENAS,PUNTARENAS,MANZANILLO,2.433371958,47.75739042,23.79935966,45.375,30.09605123,14.375,15.125,29.5,3.51125,6.613611416,94.63601533,3.866133828,50.2,2
6017,PUNTARENASPUNTARENASGUACIMAL,PUNTARENAS,PUNTARENAS,GUACIMAL,1.18694362,8.688694342,0,49.50819672,24.37703142,14.42622951,11.47540984,25.90163934,3.026229508,6.603030303,66.88741722,2.16202268,43.9,1
6018,PUNTARENASPUNTARENASBARRANCA,PUNTARENAS,PUNTARENAS,BARRANCA,4.56123433,873.966353,95.74551387,27.95711456,28.65905383,26.36056404,7.435030882,33.79559492,3.566717166,8.139624914,98.99432087,6.773041877,58.1,2
6019,PUNTARENASPUNTARENASMONTE VERDE,PUNTARENAS,PUNTARENAS,MONTE VERDE,2.910488742,78.44062677,55.7400722,22.16174184,26.78700361,19.75116641,9.33125972,29.08242613,3.230948678,8.243416827,91.640625,4.362341992,62.6,3
6021,PUNTARENASESPARZAESPIRITU SANTO,PUNTARENAS,ESPARZA,ESPIRITU SANTO,3.980864514,387.7873918,92.24786434,20.76807552,24.3083004,24.07208753,9.311306587,33.38339412,3.365372238,9.182861762,97.6097349,5.96045723,67,3
6022,PUNTARENASESPARZASAN JUAN GRANDE,PUNTARENAS,ESPARZA,SAN JUAN GRANDE,3.984997656,108.9512712,48.90617404,36.92647872,28.16399287,18.9607518,9.452736318,28.41348811,3.390270868,7.640519946,88.83305416,4.690900729,57.1,2
6023,PUNTARENASESPARZAMACACONA,PUNTARENAS,ESPARZA,MACACONA,2.362637363,124.0062762,81.94854492,17.69340974,26.25474483,20.2722063,7.378223496,27.6504298,3.396131805,9.365692223,95.9566787,4.820332179,73.9,3
6024,PUNTARENASESPARZASAN RAFAEL,PUNTARENAS,ESPARZA,SAN RAFAEL,2.371541502,40.46278924,0,21.29186603,21.17465224,15.55023923,10.52631579,26.07655502,3.09569378,8.239520958,90.86538462,3.700382768,55.6,2
6025,PUNTARENASESPARZASAN JERONIMO,PUNTARENAS,ESPARZA,SAN JERONIMO,1.052631579,15.17478278,0,43.80165289,21.43808256,13.2231405,12.39669421,25.61983471,3.05785124,7.040441176,71.36929461,2.719635023,51,2
6031,PUNTARENASBUENOS AIRESBUENOS AIRES,PUNTARENAS,BUENOS AIRES,BUENOS AIRES,3.139078622,38.12238693,66.61444239,37.52160387,32.10843659,23.74697546,10.2661597,34.01313515,3.634980989,7.369260117,84.62079887,3.640801693,47.2,1
6032,PUNTARENASBUENOS AIRESVOLCAN,PUNTARENAS,BUENOS AIRES,VOLCAN,4.440649018,20.23872679,16.12057667,45.27089073,29.06946265,15.70247934,11.11111111,26.81359045,3.4912764,6.375669472,91.81395349,3.007597937,44.7,1
6033,PUNTARENASBUENOS AIRESPOTRERO GRANDE,PUNTARENAS,BUENOS AIRES,POTRERO GRANDE,5.762933857,9.492692412,11.34989926,71.06879607,34.82202821,17.62899263,11.11793612,28.74692875,3.654791155,5.874416191,47.23086497,2.250522283,31.6,1
6034,PUNTARENASBUENOS AIRESBORUCA,PUNTARENAS,BUENOS AIRES,BORUCA,3.107019563,22.2705209,14.76903058,64.33649289,31.09954457,19.31279621,11.72985782,31.04265403,3.640995261,6.63976378,52.67538644,3.103263871,34.3,1
6035,PUNTARENASBUENOS AIRESPILAS,PUNTARENAS,BUENOS AIRES,PILAS,0.202839757,14.98644986,0,81.45539906,32.24834237,8.215962441,11.26760563,19.48356808,3.894366197,5.748560461,37.67772512,2.70714645,29.1,1
6036,PUNTARENASBUENOS AIRESCOLINAS,PUNTARENAS,BUENOS AIRES,COLINAS,0.192307692,11.23494223,0,72.5440806,28.30051058,10.32745592,15.36523929,25.69269521,3.453400504,5.773542601,40.05037783,2.419028764,33.3,1
6037,PUNTARENASBUENOS AIRESCHANGUENA,PUNTARENAS,BUENOS AIRES,CHANGUENA,1.866666667,9.641600704,0,74.07407407,35.57582668,9.413580247,11.88271605,21.2962963,4.060185185,5.295396419,46.97674419,2.266087143,31.7,1
6038,PUNTARENASBUENOS AIRESBIOLLEY,PUNTARENAS,BUENOS AIRES,BIOLLEY,1.2,11.78362292,0,56.12244898,31.12016293,14.28571429,12.09912536,26.38483965,3.578717201,6.23623011,80.32305433,2.466710679,38.5,1
6039,PUNTARENASBUENOS AIRESBRUNKA,PUNTARENAS,BUENOS AIRES,BRUNKA,6.600660066,19.65811966,40.1552795,50.17301038,32.95031056,19.03114187,8.765859285,27.79700115,3.713956171,5.874883287,80.79625293,2.978490467,48,2
6041,PUNTARENASMONTES DE OROMIRAMAR,PUNTARENAS,MONTES DE ORO,MIRAMAR,2.002542912,65.92516088,90.2988672,20.01539646,22.47529525,21.78598922,9.507313318,31.29330254,3.18321786,8.841656516,96.79562329,4.188520173,59.2,2
6042,PUNTARENASMONTES DE OROLA UNION,PUNTARENAS,MONTES DE ORO,LA UNION,1.481481481,20.67196293,0,41.5,22.4979984,13.5,12.25,25.75,3.1225,6.776344086,73.61809045,3.028778334,41.7,1
6043,PUNTARENASMONTES DE OROSAN ISIDRO,PUNTARENAS,MONTES DE ORO,SAN ISIDRO,4.982817869,58.20078673,40.43491037,26.53884965,26.71172495,19.87891019,8.476286579,28.35519677,3.433905146,7.735126324,97.22222222,4.063898872,57.2,2
6051,PUNTARENASOSAPUERTO CORTES,PUNTARENAS,OSA,PUERTO CORTES,2.814868279,35.23144259,58.94089597,30.75364668,26.79131635,23.7439222,12.64181524,36.38573744,3.217990276,8.009911141,93.55765285,3.561938939,56.4,2
6052,PUNTARENASOSAPALMAR,PUNTARENAS,OSA,PALMAR,3.385939742,37.12178517,50.01528273,36.77285319,27.19307183,22.81855956,11.73822715,34.5567867,3.38400277,7.585318016,88.11115019,3.614203999,49.6,2
6053,PUNTARENASOSASIERPE,PUNTARENAS,OSA,SIERPE,2.412129566,4.118511263,19.57193817,61.35517498,27.01545779,14.22189129,17.34921817,31.57110946,3.124348474,6.181492109,52.17391304,1.415491754,32.9,1
6054,PUNTARENASOSABAHIA BALLENA,PUNTARENAS,OSA,BAHIA BALLENA,2.435530086,20.56481712,6.019358742,48.03220036,28.0399274,16.45796064,17.26296959,33.72093023,2.956171735,7.567978533,61.02470265,3.023581709,50.8,2
6055,PUNTARENASOSAPIEDRAS BLANCAS,PUNTARENAS,OSA,PIEDRAS BLANCAS,3.500761035,16.04560084,13.77477042,53.25732899,26.7762204,17.01954397,13.51791531,30.53745928,3.359934853,6.383514986,72.37704918,2.775434721,34.2,1
6061,PUNTARENASQUEPOSQUEPOS,PUNTARENAS,QUEPOS,QUEPOS,4.252234839,89.09327471,64.98640346,27.37190083,26.09024071,18.90909091,12.89256198,31.80165289,3.278677686,7.991956733,92.13180901,4.489683851,60.7,2
6062,PUNTARENASQUEPOSSAVEGRE,PUNTARENAS,QUEPOS,SAVEGRE,2.20228385,15.38105808,10.97414311,46.12440191,26.63860493,11.38755981,14.16267943,25.55023923,3.180861244,6.869603524,77.36585366,2.733136758,47.9,2
6063,PUNTARENASQUEPOSNARANJITO,PUNTARENAS,QUEPOS,NARANJITO,4.269175109,35.13952599,24.63965189,32.19298246,26.92412293,13.24561404,12.19298246,25.43859649,3.224561404,7.361948956,82.1587868,3.559326593,48.8,2
6071,PUNTARENASGOLFITOGOLFITO,PUNTARENAS,GOLFITO,GOLFITO,4.790697674,32.65046296,67.33427862,36.73767143,26.4179369,25.70761599,12.25561716,37.96323315,3.282754596,8.340877275,83.58790057,3.485859035,49.6,2
6072,PUNTARENASGOLFITOPUERTO JIMENEZ,PUNTARENAS,GOLFITO,PUERTO JIMENEZ,4.080310881,12.1977961,34.54317897,36.97567853,28.79736034,19.24568206,14.41663729,33.66231935,3.089531195,7.01996008,85.34482759,2.501255288,45.5,1
6073,PUNTARENASGOLFITOGUAYCARA,PUNTARENAS,GOLFITO,GUAYCARA,2.951861944,39.78931806,54.96206843,39.09989594,27.96872581,20.49947971,12.30489074,32.80437045,3.354578564,7.863185153,81.91940615,3.683598486,46.9,1
6074,PUNTARENASGOLFITOPAVON,PUNTARENAS,GOLFITO,PAVON,2.181208054,16.9594669,10.22893327,54.20835786,32.14807599,13.94938199,12.94879341,26.8981754,3.622719247,6.367254408,41.34443783,2.830826197,26.4,1
6081,PUNTARENASCOTO BRUSSAN VITO,PUNTARENAS,COTO BRUS,SAN VITO,2.283105023,104.1932992,37.13765673,28.4179241,28.87960092,23.86831276,8.596250572,32.46456333,3.351165981,7.652987107,93.23360184,4.64624782,60.2,2
6082,PUNTARENASCOTO BRUSSABALITO,PUNTARENAS,COTO BRUS,SABALITO,1.595590368,30.78993104,18.5997815,34.89116517,31.40932265,17.6056338,9.346991037,26.95262484,3.515685019,6.810466024,92.95911746,3.427187722,45.7,1
6083,PUNTARENASCOTO BRUSAGUABUENA,PUNTARENAS,COTO BRUS,AGUABUENA,3.700097371,102.7459954,20.47406936,34.9917988,28.5555202,17.82394751,6.889010388,24.7129579,3.436850738,7.463328942,82.1978022,4.632259878,52.6,2
6084,PUNTARENASCOTO BRUSLIMONCITO,PUNTARENAS,COTO BRUS,LIMONCITO,1.754385965,30.28590706,0,60.34297964,36.28515734,19.93569132,8.252947481,28.1886388,3.848874598,6.011082694,60.78006501,3.410682491,35.4,1
6085,PUNTARENASCOTO BRUSPITTIER,PUNTARENAS,COTO BRUS,PITTIER,1.664684899,10.81356597,0,47.15025907,31.65337201,9.585492228,10.88082902,20.46632124,3.57253886,5.739476678,85.37859008,2.380801454,36.9,1
6091,PUNTARENASPARRITAPARRITA,PUNTARENAS,PARRITA,PARRITA,3.277591973,33.65776228,53.23611542,34.32168968,26.42258765,18.70430544,12.57108042,31.27538587,3.259138911,7.11780869,84.68859921,3.516243706,50.7,2
6101,PUNTARENASCORREDORESCORREDOR,PUNTARENAS,CORREDORES,CORREDOR,2.531448983,63.37484845,64.33043478,36.12762584,28.24927536,21.81926278,11.117717,32.93697979,3.410027745,8.291958042,79.84197731,4.149067071,46.8,1
6102,PUNTARENASCORREDORESLA CUESTA,PUNTARENAS,CORREDORES,LA CUESTA,1.829268293,97.04347826,49.20634921,37.44569939,28.44342038,23.37098175,11.46828844,34.8392702,3.392701998,8.220411056,72.59194396,4.575159108,53.3,2
6103,PUNTARENASCORREDORESCANOAS,PUNTARENAS,CORREDORES,CANOAS,2.322613578,94.22872558,61.87212631,32.42247467,30.83195975,24.74669942,9.732883021,34.47958244,3.533312865,7.780388396,82.11152882,4.545725078,44.3,1
6104,PUNTARENASCORREDORESLAUREL,PUNTARENAS,CORREDORES,LAUREL,1.593760597,49.22778884,14.32006996,41.12471308,29.59116747,16.1820964,11.32364193,27.50573833,3.498087223,6.580428526,72.00465297,3.896458278,42.2,1
6111,PUNTARENASGARABITOJACO,PUNTARENAS,GARABITO,JACO,3.979907264,83.22056834,81.53187848,33.56052345,29.13992298,19.60196292,12.37731734,31.97928026,3.183751363,8.091318786,91.71711613,4.421494533,62,2
6112,PUNTARENASGARABITOTARCOLES,PUNTARENAS,GARABITO,TARCOLES,2.816901408,31.5179079,55.33910534,27.08089097,28.4992785,16.70574443,12.95427902,29.66002345,3.249706917,7.14159751,94.52054795,3.450555889,54.4,2
7011,LIMONLIMONLIMON,LIMON,LIMON,LIMON,5.303370787,1021.954485,98.32492795,24.75198685,28.33868221,28.19402576,10.90161688,39.09564264,3.336804604,9.40842514,98.08980677,6.929472235,50.5,2
7012,LIMONLIMONVALLE DE LA ESTRELLA,LIMON,LIMON,VALLE DE LA ESTRELLA,3.763109192,14.52474999,10.12396694,70.21834061,36.68751396,14.73799127,11.8558952,26.59388646,3.905458515,5.646799117,34.53770197,2.67585409,27.3,1
7013,LIMONLIMONRIO BLANCO,LIMON,LIMON,RIO BLANCO,5.875531504,62.29471316,51.57096425,37.89424861,32.3943662,20.87198516,9.461966605,30.33395176,3.662801484,7.429640719,90.69658719,4.131876561,48.4,2
7014,LIMONLIMONMATAMA,LIMON,LIMON,MATAMA,4.59030459,20.98013245,14.59034792,42.16634429,32.15488215,17.89168279,13.10444874,30.99613153,3.440522244,7.253117207,83.73134328,3.043575916,42.5,1
7021,LIMONPOCOCIGUAPILES,LIMON,POCOCI,GUAPILES,3.142974528,140.281571,86.58586745,19.41224788,26.93246319,23.47357853,9.272611116,32.74618965,3.324267591,8.906466595,97.15398164,4.943651624,67.3,3
7022,LIMONPOCOCIJIMENES,LIMON,POCOCI,JIMENES,4.502909183,97.48421834,44.44338634,26.02917342,29.59718122,20.51863857,9.854132901,30.37277147,3.394165316,7.876769795,88.54886476,4.579690502,61.4,2
7023,LIMONPOCOCIRITA,LIMON,POCOCI,RITA,5.506391347,51.25466368,33.8380267,42.66439426,29.02541492,17.42650192,10.72290868,28.1494106,3.412299389,6.423870275,55.98555957,3.936806613,44.4,1
7024,LIMONPOCOCIROXANA,LIMON,POCOCI,ROXANA,4.629475437,94.81054831,39.73793925,43.85547382,29.95235259,15.92384249,12.0726958,27.9965383,3.52574643,6.404881684,60.98585323,4.551880672,46.9,1
7025,LIMONPOCOCICARIARI,LIMON,POCOCI,CARIARI,5.670851482,152.3741585,66.05220037,37.54912829,29.41537921,21.70714502,9.644260808,31.35140582,3.438073163,6.82109259,72.38163558,5.026339065,49.2,2
7026,LIMONPOCOCICOLORADO,LIMON,POCOCI,COLORADO,2.066666667,3.419514832,22.73525721,46.94201747,31.16687578,13.50277998,18.74503574,32.24781573,3.165210485,6.528979592,41.16182573,1.229498679,24.8,1
7031,LIMONSIQUIRRESSIQUIRRES,LIMON,SIQUIRRES,SIQUIRRES,3.762738437,84.76088413,66.06821127,32.16166828,29.10200082,21.1007202,11.27593249,32.37665269,3.386112007,7.531854732,88.2573254,4.439834164,55.5,2
7032,LIMONSIQUIRRESPACUARITO,LIMON,SIQUIRRES,PACUARITO,3.365384615,40.15961106,41.18318867,57.42042166,30.59616263,11.07895825,13.72467962,24.80363787,3.561802398,6.528342246,48.61111111,3.692861791,40.8,1
7033,LIMONSIQUIRRESFLORIDA,LIMON,SIQUIRRES,FLORIDA,3.544303797,23.47882176,37.08791209,40.49844237,25.96153846,13.70716511,11.52647975,25.23364486,3.401869159,6.845549738,82.73155416,3.156098813,42.8,1
7034,LIMONSIQUIRRESGERMANIA,LIMON,SIQUIRRES,GERMANIA,2.328159645,76.12446087,53.98624039,30.67885117,25.85997572,17.49347258,13.31592689,30.80939948,3.225848564,7.038724374,93.65079365,4.332369644,48.4,2
7035,LIMONSIQUIRRESEL CAIRO,LIMON,SIQUIRRES,EL CAIRO,4.011741683,57.25313,54.85037817,37.24256293,30.17099638,19.05034325,11.72768879,30.77803204,3.478832952,6.968705548,78.32167832,4.047482313,45,1
7036,LIMONSIQUIRRESLA ALEGRIA,LIMON,SIQUIRRES,LA ALEGRIA,3.326612903,152.0430108,10.37835926,27.59237187,29.79137199,20.73897497,8.462455304,29.20143027,3.37067938,7.577722772,95.982958,5.024163447,52.3,2
7041,LIMONTALAMANCABRATSI,LIMON,TALAMANCA,BRATSI,1.854304636,40.82566248,12.09346816,47.7,35.00956546,21.8,11.5,33.3,3.647,6.800759814,69.64741952,3.709310866,34.6,1
7042,LIMONTALAMANCASIXAOLA,LIMON,TALAMANCA,SIXAOLA,2.567710165,51.58342065,38.6750931,56.98827773,37.27570252,13.93146979,14.06672678,27.99819657,3.978809739,6.445714286,54.50214388,3.943200316,41.5,1
7043,LIMONTALAMANCACAHUITA,LIMON,TALAMANCA,CAHUITA,4.737903226,35.19351553,28.68684433,48.32554517,31.43615097,20.17133956,13.6682243,33.83956386,3.224299065,8.29245283,49.52718676,3.560861848,50.7,2
7044,LIMONTALAMANCATELIRE,LIMON,TALAMANCA,TELIRE,1.955738549,2.806689276,7.756410256,73.8045738,37.51602564,15.31531532,8.454608455,23.76992377,4.324324324,5.5616,49.03914591,1.032005595,20.7,1
7051,LIMONMATINAMATINA,LIMON,MATINA,MATINA,5.340412242,25.79789486,47.62633997,48.93111639,32.39991249,17.30007918,12.50989707,29.80997625,3.60530483,6.532134532,70.11822258,3.250292894,48.8,2
7052,LIMONMATINABATAN,LIMON,MATINA,BATAN,4.887806575,77.52039764,54.22816356,43.28894525,31.4118074,18.74867893,13.7391672,32.48784612,3.481504967,7.311984212,73.00904003,4.350541097,52.3,2
7053,LIMONMATINACARRANDI,LIMON,MATINA,CARRANDI,3.015189299,58.76298717,48.75902714,46.48917496,31.75894414,14.10181393,14.95026331,29.05207724,3.448215331,6.561955086,75.53609182,4.073512187,48.2,2
7061,LIMONGUACIMOGUACIMO,LIMON,GUACIMO,GUACIMO,3.875278396,82.54954955,54.93288224,27.24093503,29.50452908,22.80508007,10.50984723,33.3149273,3.367200442,7.46302202,92.5398313,4.413398714,57.5,2
7062,LIMONGUACIMOMERCEDES,LIMON,GUACIMO,MERCEDES,4.355716878,19.12819364,57.23491506,34.00900901,21.67545401,20.72072072,9.459459459,30.18018018,3.256756757,8.68065967,83.06636156,2.951163353,51.7,2
7063,LIMONGUACIMOPOCORA,LIMON,GUACIMO,POCORA,4.588744589,89.14760915,80.16169154,33.40227508,28.00062189,22.59565667,10.54808687,33.14374354,3.325749741,6.728395062,97.74396642,4.490293526,47,1
7064,LIMONGUACIMORIO JIMENES,LIMON,GUACIMO,RIO JIMENES,3.758889265,78.9844597,32.87577213,41.12743152,30.48501487,18.34061135,11.23461691,29.57522827,3.463279079,6.407850965,60.70261438,4.36925112,47.8,2
7065,LIMONGUACIMODUACARI,LIMON,GUACIMO,DUACARI,4.462571977,73.52263075,16.86746988,38.94062864,32.41458987,14.72642608,10.01164144,24.73806752,3.526193248,6.151758794,72.4117295,4.29759326,47.5,2
10110,SAN JOSESAN JOSEHATILLO,SAN JOSE,SAN JOSE,HATILLO,4.582621148,11829.274,100,16.01795357,21.69032488,33.41749071,8.570025949,41.98751666,3.540360474,9.316963449,99.89246541,9.378332586,70.3,3
10111,SAN JOSESAN JOSESAN SEBASTIAN,SAN JOSE,SAN JOSE,SAN SEBASTIAN,4.127280721,10066.58291,100,17.37894193,21.04580057,29.72600379,10.10684129,39.83284508,3.44933655,9.631069115,99.78927035,9.216976594,77.4,4
10310,SAN JOSEDESAMPARADOSDAMAS,SAN JOSE,DESAMPARADOS,DAMAS,2.664209115,5126.459144,100,12.01394476,22.57305503,27.88951462,7.884151247,35.77366586,3.532046125,9.432517612,99.94461368,8.542170475,75.5,3
10311,SAN JOSEDESAMPARADOSSAN RAFAEL ABAJO,SAN JOSE,DESAMPARADOS,SAN RAFAEL ABAJO,3.496897913,11700,100,18.77913096,23.45488124,27.55976545,8.765599158,36.32536461,3.499624117,9.287730843,99.92318328,9.367344121,76,3
10312,SAN JOSEDESAMPARADOSGRAVILIAS,SAN JOSE,DESAMPARADOS,GRAVILIAS,3.603982611,5058.585859,100,8.038029386,17.73162939,30.72601556,9.312878133,40.03889369,3.246110631,10.80090566,99.97817071,8.528842249,79.6,4
10313,SAN JOSEDESAMPARADOSLOS GUIDO,SAN JOSE,DESAMPARADOS,LOS GUIDO,6.398537477,7800,100,36.61620363,29.94772218,26.2851439,6.77091998,33.05606388,4.00898353,7.215172725,99.59421313,8.961879013,60.5,2
11910,SAN JOSEPEREZ ZELEDONRIO NUEVO,SAN JOSE,PEREZ ZELEDON,RIO NUEVO,0.901803607,12.74885464,0,63.875,29.23881085,11.875,9.625,21.5,3.82625,6.376199616,52.01511335,2.545441435,46.9,1
11911,SAN JOSEPEREZ ZELEDONPARAMO,SAN JOSE,PEREZ ZELEDON,PARAMO,2.179656539,21.315675,0,53.05785124,27.41496599,13.80165289,8.512396694,22.31404959,3.643801653,6.774905422,63.22795341,3.059442718,48.8,2
20110,ALAJUELAALAJUELADESAMPARADOS,ALAJUELA,ALAJUELA,DESAMPARADOS,3.700424929,2052.59434,97.58320886,20.3948246,24.28664445,22.4889956,7.536347872,30.02534347,3.479925303,9.270201774,96.26794258,7.626859804,63.3,3
20111,ALAJUELAALAJUELATURRUCARES,ALAJUELA,ALAJUELA,TURRUCARES,2.336294834,212.2982749,64.52162516,21.48876404,24.35124509,15.21535581,8.286516854,23.50187266,3.565543071,8.118856745,93.86679444,5.357992243,63.9,3
20112,ALAJUELAALAJUELATAMBOR,ALAJUELA,ALAJUELA,TAMBOR,2.721243997,801.750547,62.20887918,23.85170604,25.58224163,17.71653543,6.758530184,24.47506562,3.606299213,8.001425517,99.66777409,6.686797521,61,2
20113,ALAJUELAALAJUELAGARITA,ALAJUELA,ALAJUELA,GARITA,2.895752896,217.8090392,71.18317988,16.5098777,22.78411433,17.16839135,9.642521167,26.81091251,3.363593603,8.753200569,95.72115385,5.383618712,73.7,3
20114,ALAJUELAALAJUELASARAPIQUI,ALAJUELA,ALAJUELA,SARAPIQUI,1.117318436,25.17271922,8.796622097,27.82909931,26.98803659,17.89838337,12.24018476,30.13856813,3.258660508,7.080270793,94.84173505,3.225760837,54.5,2
20210,ALAJUELASAN RAMONVOLIO,ALAJUELA,SAN RAMON,VOLIO,3.76344086,108.5604974,16.47577093,21.73913043,23.74449339,17.54658385,6.52173913,24.06832298,3.52484472,7.704467354,99.67897271,4.687307597,53.4,2
20211,ALAJUELASAN RAMONCONCEPCION,ALAJUELA,SAN RAMON,CONCEPCION,3.460620525,260.8888889,100,25.2238806,23.89267462,16.41791045,6.567164179,22.98507463,3.504477612,7.207236842,98.77675841,5.564094604,58,2
20212,ALAJUELASAN RAMONZAPOTAL,ALAJUELA,SAN RAMON,ZAPOTAL,0.581395349,5.773774365,0,52.8,23.27365729,10.4,15.2,25.6,3.128,6.166666667,52.41935484,1.753326003,42.2,1
20213,ALAJUELASAN RAMONPEÑAS BLANCAS,ALAJUELA,SAN RAMON,PEÑAS BLANCAS,3.254608295,37.17086835,18.44116697,32.04034135,31.1443643,16.17532971,8.688906129,24.86423584,3.598913887,6.698746082,98.56344773,3.615525346,55.7,2
21010,ALAJUELASAN CARLOSVENADO,ALAJUELA,SAN CARLOS,VENADO,2.873563218,10.45603577,0,45.76923077,27.82212087,12.88461538,13.84615385,26.73076923,3.371153846,6.696428571,73.0620155,2.347179397,47.2,1
21011,ALAJUELASAN CARLOSCUTRIS,ALAJUELA,SAN CARLOS,CUTRIS,3.956228956,11.83707132,19.67292433,45.50072569,32.51403135,13.78809869,12.11901306,25.90711176,3.732583454,6.098116646,63.99394856,2.471236244,39.9,1
21012,ALAJUELASAN CARLOSMONTERREY,ALAJUELA,SAN CARLOS,MONTERREY,2.048558422,15.69598401,0,31.93277311,28.16208394,14.07563025,9.663865546,23.7394958,3.629201681,6.728714524,94.86631016,2.753404884,50.4,2
21013,ALAJUELASAN CARLOSPOCOSOL,ALAJUELA,SAN CARLOS,POCOSOL,3.022925543,24.37653392,23.1503735,41.67490119,31.98441052,15.73616601,9.066205534,24.80237154,3.795948617,6.608745685,81.6772554,3.193620945,41.5,1
30110,CARTAGOCARTAGOLLANO GRANDE,CARTAGO,CARTAGO,LLANO GRANDE,1.239224138,145.6558202,0,32.83877349,25.8636573,16.71612265,5.341246291,22.05736894,4.294757666,6.489719626,96.99398798,4.981246443,61.7,2
30111,CARTAGOCARTAGOQUEBRADILLAS,CARTAGO,CARTAGO,QUEBRADILLAS,4.461152882,285.8898985,81.23013647,28.80986938,27.57524771,18.06966618,7.111756168,25.18142235,3.881712627,7.444444444,94.18690213,5.655606766,60.7,2
30510,CARTAGOTURRIALBATRES EQUIS,CARTAGO,TURRIALBA,TRES EQUIS,1.157742402,48.95748714,38.55088496,33.88278388,26.05088496,18.4981685,10.25641026,28.75457875,3.311355311,6.425531915,94.07407407,3.890952312,43.3,1
30511,CARTAGOTURRIALBALA ISABEL,CARTAGO,TURRIALBA,LA ISABEL,3.626713843,305.6471764,85.02289078,25.92592593,24.62393721,25.47699214,6.790123457,32.2671156,3.423681257,7.470786045,94.40639269,5.722431418,53.6,2
30512,CARTAGOTURRIALBACHIRRIPO,CARTAGO,TURRIALBA,CHIRRIPO,4.092920354,4.329877708,0,90.07352941,45.08960573,15.56372549,6.12745098,21.69117647,5.128676471,3.780594406,19.20614597,1.465539299,0,0
60111,PUNTARENASPUNTARENASCOBANO,PUNTARENAS,PUNTARENAS,COBANO,2.801302932,23.66949875,28.40939418,33.67983368,27.38190552,15.75883576,13.63825364,29.3970894,3.115592516,7.960887552,68.06260575,3.164187247,52.5,2
60112,PUNTARENASPUNTARENASCHACARITA,PUNTARENAS,PUNTARENAS,CHACARITA,3.917355372,3602.066116,100,33.77496539,27.26281978,25.25212577,10.52007119,35.77219695,3.439193198,7.720365212,99.6365105,8.189262881,50.1,2
60113,PUNTARENASPUNTARENASCHIRA,PUNTARENAS,PUNTARENAS,CHIRA,1.807228916,36.65116279,0,38.96396396,28.99746193,16.66666667,13.28828829,29.95495495,3.54954955,6.782122905,97.47126437,3.601445155,42.7,1
60114,PUNTARENASPUNTARENASACAPULCO,PUNTARENAS,PUNTARENAS,ACAPULCO,1.943844492,11.72426271,0,25,23.37962963,15.84158416,9.900990099,25.74257426,3.207920792,7,87.37373737,2.46166043,51,2
60115,PUNTARENASPUNTARENASEL ROBLE,PUNTARENAS,PUNTARENAS,EL ROBLE,4.078444984,1984.760705,100,25.20566728,26.46106986,27.60511883,7.061243144,34.66636197,3.465265082,8.982302405,98.6155976,7.593253634,67.6,3
60116,PUNTARENASPUNTARENASARANCIBIA,PUNTARENAS,PUNTARENAS,ARANCIBIA,0.5,14.77777778,0,40.74074074,22.70676692,7.407407407,11.64021164,19.04761905,3.518518519,6.216216216,89.30481283,2.693124551,37.5,1
